<metadata xml:lang="en"><Esri><CreaDate>20160217</CreaDate><CreaTime>16290200</CreaTime><SyncOnce>FALSE</SyncOnce><SyncDate>20160224</SyncDate><SyncTime>16000400</SyncTime><ModDate>20160224</ModDate><ModTime>16000400</ModTime><Sync>FALSE</Sync><DataProperties><itemProps><itemLocation><linkage Sync="TRUE">file://\\UOS-013243\C$\local\GIS_Projects\Migration\ADMIN UNIT CENTROIDS\AFRICA\ZAF_AdminUnit_Centroids.shp</linkage><protocol Sync="TRUE">Local Area Network</protocol></itemLocation><itemName Sync="TRUE">ZAF_AdminUnit_Centroids</itemName><imsContentType Sync="TRUE">002</imsContentType><itemSize Sync="TRUE">0.000</itemSize><nativeExtBox><westBL Sync="TRUE">20.614183</westBL><eastBL Sync="TRUE">30.724977</eastBL><southBL Sync="TRUE">-33.011436</southBL><northBL Sync="TRUE">-23.737227</northBL><exTypeCode Sync="TRUE">1</exTypeCode></nativeExtBox></itemProps><copyHistory><copy source="C:\local\GIS_projects\Migration\Africa\SouthAfrica_2007\Scratch\ZAF_centroids" dest="\\UOS-208508\C$\local\GIS_projects\Migration\CENTROIDS\ZAF_centroids" date="20160217" time="16290200"/></copyHistory><coordRef><type Sync="TRUE">Geographic</type><geogcsn Sync="TRUE">GCS_WGS_1984</geogcsn><peXml Sync="TRUE">&lt;GeographicCoordinateSystem xsi:type='typens:GeographicCoordinateSystem' xmlns:xsi='http://www.w3.org/2001/XMLSchema-instance' xmlns:xs='http://www.w3.org/2001/XMLSchema' xmlns:typens='http://www.esri.com/schemas/ArcGIS/10.1'&gt;&lt;WKT&gt;GEOGCS[&amp;quot;GCS_WGS_1984&amp;quot;,DATUM[&amp;quot;D_WGS_1984&amp;quot;,SPHEROID[&amp;quot;WGS_1984&amp;quot;,6378137.0,298.257223563]],PRIMEM[&amp;quot;Greenwich&amp;quot;,0.0],UNIT[&amp;quot;Degree&amp;quot;,0.0174532925199433],AUTHORITY[&amp;quot;EPSG&amp;quot;,4326]]&lt;/WKT&gt;&lt;XOrigin&gt;-400&lt;/XOrigin&gt;&lt;YOrigin&gt;-400&lt;/YOrigin&gt;&lt;XYScale&gt;11258999068426.238&lt;/XYScale&gt;&lt;ZOrigin&gt;-100000&lt;/ZOrigin&gt;&lt;ZScale&gt;10000&lt;/ZScale&gt;&lt;MOrigin&gt;-100000&lt;/MOrigin&gt;&lt;MScale&gt;10000&lt;/MScale&gt;&lt;XYTolerance&gt;8.983152841195215e-009&lt;/XYTolerance&gt;&lt;ZTolerance&gt;0.001&lt;/ZTolerance&gt;&lt;MTolerance&gt;0.001&lt;/MTolerance&gt;&lt;HighPrecision&gt;true&lt;/HighPrecision&gt;&lt;LeftLongitude&gt;-180&lt;/LeftLongitude&gt;&lt;WKID&gt;4326&lt;/WKID&gt;&lt;LatestWKID&gt;4326&lt;/LatestWKID&gt;&lt;/GeographicCoordinateSystem&gt;</peXml><csUnits Sync="TRUE">Angular Unit: Degree (0.017453)</csUnits></coordRef><lineage><Process ToolSource="c:\program files (x86)\arcgis\desktop10.1\ArcToolbox\Toolboxes\Data Management Tools.tbx\CalculateField" Date="20140523" Time="145618" Name="" export="">CalculateField ZAF_adm2 IPUMSID [GEOLEVEL1] VB #</Process><Process Name="Join &quot;ISO_admin&quot; with ISO_admin_TotPop_UrbanPop_UrbanProp.dbf&quot; based on IPUMSID" ToolSource="c:\program files (x86)\arcgis\desktop10.1\ArcToolbox\Toolboxes\Data Management Tools.tbx\JoinField" Date="20150205" Time="165352" export="">JoinField ZAF_adm1 IPUMSID C:\local\GIS_projects\Migration\Africa\SouthAfrica_2007\Pop\ISO_TotPop_UrbanPop_UrbanProp.dbf IPUMSID TotPop;UrbanPop;UrbanProp</Process><Process ToolSource="c:\program files (x86)\arcgis\desktop10.1\ArcToolbox\Toolboxes\Data Management Tools.tbx\FeatureToPoint" Date="20150813" Time="191225" Name="" export="">FeatureToPoint C:/local/GIS_projects/Migration/Africa/SouthAfrica_2007/Spatial_units/ZAF_adm1.shp C:/local/GIS_projects/Migration/Africa/SouthAfrica_2007/Scratch\centroids.shp CENTROID</Process><Process ToolSource="c:\program files (x86)\arcgis\desktop10.1\ArcToolbox\Toolboxes\Data Management Tools.tbx\AddXY" Date="20150813" Time="191225" Name="" export="">AddXY C:/local/GIS_projects/Migration/Africa/SouthAfrica_2007/Scratch\centroids.shp</Process><Process ToolSource="c:\program files (x86)\arcgis\desktop10.1\ArcToolbox\Toolboxes\Data Management Tools.tbx\JoinField" Date="20150813" Time="191226" Name="" export="">JoinField C:/local/GIS_projects/Migration/Africa/SouthAfrica_2007/Scratch\centroids.shp ORIG_FID C:/local/GIS_projects/Migration/Africa/SouthAfrica_2007/Spatial_units/ZAF_adm1.shp FID TotPop;UrbanProp;AREA_KM</Process><Process Name="Add XY Coordinates" ToolSource="c:\program files (x86)\arcgis\desktop10.1\ArcToolbox\Toolboxes\Data Management Tools.tbx\AddXY" Date="20150813" Time="191226" export="">AddXY C:/local/GIS_projects/Migration/Africa/SouthAfrica_2007/Scratch\centroids.shp</Process><Process Name="Add XY Coordinates (2)" ToolSource="c:\program files (x86)\arcgis\desktop10.1\ArcToolbox\Toolboxes\Data Management Tools.tbx\AddXY" Date="20150813" Time="191226" export="">AddXY C:/local/GIS_projects/Migration/Africa/SouthAfrica_2007/Scratch\centroids.shp</Process><Process ToolSource="c:\program files (x86)\arcgis\desktop10.1\ArcToolbox\Toolboxes\Data Management Tools.tbx\DeleteField" Date="20160217" Time="182945" Name="" export="">DeleteField ZAF_centroids CNTRY_NAME;ADMIN_NAME;CNTRY_CODE;GEOLEVEL1;BPL_CODE;ORIG_FID;TotPop_1;UrbanPro_1;AREA_KM_1</Process><Process ToolSource="c:\program files (x86)\arcgis\desktop10.1\ArcToolbox\Toolboxes\Data Management Tools.tbx\CalculateField" Date="20160217" Time="214341" Name="" export="">CalculateField ZAF_centroids ISO "ZAF" VB #</Process><Process ToolSource="c:\program files (x86)\arcgis\desktop10.1\ArcToolbox\Toolboxes\Data Management Tools.tbx\DeleteField" Date="20160224" Time="170355">DeleteField ZAF_AdminUnit_Centroids TotPop;UrbanPop;UrbanProp;AREA_KM</Process></lineage></DataProperties><ArcGISFormat>1.0</ArcGISFormat><ArcGISstyle>North American Profile of ISO19115 2003</ArcGISstyle><ArcGISProfile>ItemDescription</ArcGISProfile><scaleRange><minScale>150000000</minScale><maxScale>5000</maxScale></scaleRange></Esri><idinfo><native Sync="TRUE">Microsoft Windows XP Version 5.1 (Build 2600) Service Pack 2; ESRI ArcCatalog 9.2.0.1064</native><descript><langdata Sync="TRUE">en</langdata><abstract>First level of geography for the IPUMS-International Countries</abstract><purpose>A single world map file including the major administrative unit in which the household was enumerated for the IPUMS-International data. This shape file incorporates the first level of geography for every IPUMS-International country, to enable cross-national geographic analysis over time. The attribute data reflects the codes that are found in the GEOLEV1 variable (international.ipums.org).</purpose><supplinf>Largest scale when displaying the data: 1:15,000,000.</supplinf></descript><citation><citeinfo><pubdate>20061001</pubdate><title>Geography level 1 - IPUMS-International Countries</title><ftname Sync="TRUE">admin</ftname><geoform Sync="TRUE">vector digital data</geoform><edition>2006</edition><serinfo><sername>ESRI® Data &amp; Maps</sername><issue>2006 World, Europe, United States, Canada, and Mexico</issue></serinfo><pubinfo><pubplace>Redlands, California, USA</pubplace><publish>ESRI</publish></pubinfo><othercit>Location: \world\data</othercit><origin>ESRI</origin><onlink Sync="TRUE"/></citeinfo></citation><timeperd><current>publication date: 1996, 1998, Winter 1993/1994, 20000101, 2000, 20000225, 20010128, 20000612, 20020314, 20021115, 2000, 2003; ground condition: 1994, 19990401</current><timeinfo><mdattim><sngdate><caldate>1996</caldate></sngdate><sngdate><caldate>1998</caldate></sngdate><sngdate><caldate>Winter 1993/1994</caldate></sngdate><sngdate><caldate>20000101</caldate></sngdate><sngdate><caldate>2000</caldate></sngdate><sngdate><caldate>20000225</caldate></sngdate><sngdate><caldate>20010128</caldate></sngdate><sngdate><caldate>20000612</caldate></sngdate><sngdate><caldate>1994</caldate></sngdate><sngdate><caldate>19990401</caldate></sngdate><sngdate><caldate>20020314</caldate></sngdate><sngdate><caldate>20021115</caldate></sngdate><sngdate><caldate>2000</caldate></sngdate><sngdate><caldate>2003</caldate></sngdate></mdattim></timeinfo></timeperd><status><progress>Complete</progress><update>Annually</update></status><spdom><bounding><westbc Sync="TRUE">-180.000000</westbc><eastbc Sync="TRUE">180.000000</eastbc><northbc Sync="TRUE">83.623600</northbc><southbc Sync="TRUE">-90.000000</southbc></bounding><lboundng><leftbc Sync="TRUE">-180.000000</leftbc><rightbc Sync="TRUE">180.000000</rightbc><bottombc Sync="TRUE">-90.000000</bottombc><topbc Sync="TRUE">83.623600</topbc></lboundng></spdom><keywords><theme><themekt>None</themekt><themekey>polygon</themekey><themekey>administrative units</themekey><themekey>countries</themekey><themekey>international boundaries</themekey><themekey>coastlines</themekey><themekey>area</themekey><themekey>administrative unit and international codes</themekey><themekey>population</themekey><themekey>English and local names</themekey><themekey>boundaries</themekey><themekey>society</themekey></theme><place><placekey>World</placekey><placekt>None</placekt></place><temporal><tempkt>None</tempkt><tempkey>1996</tempkey><tempkey>1998</tempkey><tempkey>1993/1994</tempkey><tempkey>2000</tempkey><tempkey>2000</tempkey><tempkey>1994</tempkey><tempkey>1999</tempkey><tempkey>2000</tempkey><tempkey>2001</tempkey><tempkey>2000</tempkey><tempkey>2002</tempkey><tempkey>2002</tempkey><tempkey>2000</tempkey><tempkey>2003</tempkey></temporal></keywords><accconst>Access granted to Licensee only.</accconst><useconst>The data are provided by multiple, third party data vendors under license to ESRI for inclusion on ESRI Data &amp; Maps for use with ESRI® software.  Each data vendor has its own data licensing policies and may grant varying redistribution rights to end users. Please consult the redistribution rights below for this data set provided on ESRI Data &amp; Maps. As used herein, “Geodata” shall mean any digital data set consisting of geographic data coordinates and associated attributes.

The redistribution rights for this data set: Redistribution rights are granted by the data vendor for hard-copy renditions or static, electronic map images (e.g. .gif, .jpeg, etc.) that are plotted, printed, or publicly displayed with proper metadata and source/copyright attribution to the respective data vendor(s).  Geodata is redistributable with a Value-Added Software Application developed by ESRI Business Partners on a royalty-free basis with proper metadata and source/copyright attribution to the respective data vendor(s). Geodata is redistributable without a Value-Added Software Application (i.e., adding the sample data to an existing, [non]commercial data set for redistribution) with proper metadata and source/copyright attribution to the respective data vendor(s).

The terms and conditions below apply to all the data sets provided on ESRI Data &amp; Maps.

Proprietary Rights and Copyright: Licensee acknowledges that the Data and Related Materials contain proprietary and confidential property of ESRI and its licensor(s). The Data and Related Materials are owned by ESRI and its licensor(s) and are protected by United States copyright laws and applicable international copyright treaties and/or conventions.

Limited Warranty and Disclaimer: ESRI warrants that the media upon which the Data and Related Materials are provided will be free from defects in materials and workmanship under normal use and service for a period of ninety (90) days from the date of receipt.

THE DATA AND RELATED MATERIALS ARE EXCLUDED FROM THE LIMITED WARRANTY, AND THE LICENSEE EXPRESSLY ACKNOWLEDGES THAT THE DATA CONTAINS SOME NONCONFORMITIES, DEFECTS, OR ERRORS. ESRI DOES NOT WARRANT THAT THE DATA WILL MEET LICENSEE'S NEEDS OR EXPECTATIONS; THAT THE USE OF THE DATA WILL BE UNINTERRUPTED; OR THAT ALL NONCONFORMITIES, DEFECTS, OR ERRORS CAN OR WILL BE CORRECTED. ESRI IS NOT INVITING RELIANCE ON THIS DATA, AND THE LICENSEE SHOULD ALWAYS VERIFY ACTUAL DATA.

EXCEPT FOR THE LIMITED WARRANTY SET FORTH ABOVE, THE DATA AND RELATED MATERIALS CONTAINED THEREIN ARE PROVIDED "AS-IS," WITHOUT WARRANTY OF ANY KIND, EITHER EXPRESS OR IMPLIED, INCLUDING, BUT NOT LIMITED TO, THE IMPLIED WARRANTIES OF MERCHANTABILITY AND FITNESS FOR A PARTICULAR PURPOSE.

HIGH RISK ACTIVITIES: 
(A) THE DATA AND RELATED MATERIALS ARE NOT FAULT-TOLERANT AND ARE NOT DESIGNED, MANUFACTURED, OR INTENDED FOR USE OR RESALE FOR INSURANCE UNDERWRITING OR WITH CRITICAL HEALTH AND SAFETY OR ONLINE CONTROL EQUIPMENT IN HAZARDOUS ENVIRONMENTS THAT REQUIRE FAIL-SAFE PERFORMANCE, INCLUDING, BUT NOT LIMITED TO THE OPERATION OF NUCLEAR FACILITIES, NAVIGATION OR GUIDANCE (I.E., AIRCRAFT, NAUTICAL VEHICLE, ETC.), OR COMMUNICATION SYSTEMS, AIR TRAFFIC CONTROL, EMERGENCY RESPONSE, TERRORISM PREVENTION OR RESPONSE, LIFE SUPPORT, OR WEAPONS SYSTEMS ("HIGH RISK ACTIVITIES"). ESRI SPECIFICALLY DISCLAIMS ANY EXPRESS OR IMPLIED WARRANTY OF FITNESS FOR HIGH RISK ACTIVITIES.

(B) TO THE EXTENT PERMITTED BY LAW, LICENSEE AGREES TO INDEMNIFY, DEFEND, AND HOLD ESRI, ITS OFFICERS, DIRECTORS, EMPLOYEES, AGENTS, SUBCONTRACTORS, LICENSORS, SUCCESSORS, AND ASSIGNS HARMLESS FROM AND AGAINST ANY AND ALL LIABILITY, LOSSES, CLAIMS, EXPENSES (INCLUDING ATTORNEYS' FEES), DEMANDS, OR DAMAGES OF ANY KIND, INCLUDING DIRECT, INDIRECT, SPECIAL, PUNITIVE, INCIDENTAL, OR CONSEQUENTIAL DAMAGES, ARISING OUT OF OR IN ANY WAY CONNECTED WITH LICENSEE'S USE OR PERMITTING THE USE BY OTHERS OF THE DATA, AND VENDOR'S HARDWARE OR SOFTWARE FOR HIGH RISK ACTIVITIES. DELIVERY OF THE DATA, AND VENDOR'S HARDWARE OR SOFTWARE DOES NOT CONSTITUTE A WAIVER OF THE RIGHTS AND OBLIGATIONS SET FORTH IN THIS ARTICLE.

Exclusive Remedy and Limitation of Liability: The entire liability of ESRI or its licensor(s) and Licensee's exclusive remedy shall be to terminate the Agreement upon Licensee returning the Data and Related Materials to ESRI with a copy of Licensee's invoice/receipt and ESRI returning the license fees paid to Licensee.

IN NO EVENT SHALL ESRI AND/OR ITS LICENSOR(S) BE LIABLE FOR COSTS OF PROCUREMENT OF SUBSTITUTE GOODS OR SERVICES; LOST PROFITS, LOST SALES, OR BUSINESS EXPENDITURES, INVESTMENTS, OR COMMITMENTS IN CONNECTION WITH ANY BUSINESS; LOSS OF ANY GOODWILL; OR FOR ANY INDIRECT, SPECIAL, INCIDENTAL, EXEMPLARY, OR CONSEQUENTIAL DAMAGES ARISING OUT OF THIS AGREEMENT OR USE OF THE DATA AND RELATED MATERIALS, HOWEVER CAUSED, ON ANY THEORY OF LIABILITY, AND WHETHER OR NOT ESRI OR ITS LICENSOR(S) HAVE BEEN ADVISED OF THE POSSIBILITY OF SUCH DAMAGE. THESE LIMITATIONS SHALL APPLY NOTWITHSTANDING ANY FAILURE OF ESSENTIAL PURPOSE OF ANY EXCLUSIVE REMEDY.

Third Party Beneficiary: ESRI's licensor(s) has (have) authorized ESRI to (sub)distribute and (sub)license its (their) data as incorporated into the Data and Related Materials. As an intended third party beneficiary to this Agreement, the ESRI licensor(s) is (are) entitled to directly enforce, in its own name, the rights and obligations undertaken by the Licensee and to seek all legal and equitable remedies as are afforded to ESRI.

In the event that the data vendor(s) has (have) granted the end user permission to redistribute the Geodata, please use proper proprietary or copyright attribution for the various data vendor(s), and provide the associated metadata file(s) with the Geodata. In compliance with FGDC metadata standards, ESRI has attempted to practice proper metadata methodologies by providing any data source information, descriptions, and file names to assist in this effort.</useconst><natvform Sync="TRUE">Shapefile</natvform><ptcontac><cntinfo><cntorgp><cntorg>ESRI</cntorg><cntper>Data Team</cntper></cntorgp><cntaddr><addrtype>mailing and physical address</addrtype><address>380 New York Street</address><city>Redlands</city><state>California</state><postal>92373-8100</postal><country>USA</country></cntaddr><cntvoice>909-793-2853</cntvoice><cntfax>909-793-5953</cntfax><cntemail>info@esri.com</cntemail><hours>7:00 a.m.–5:30 p.m. Pacific time, Monday–Friday</hours><cntinst>In the United States–
Please direct all inquiries regarding software/data pricing and consulting services to your local ESRI Regional Office.  For support, you may contact Technical Support by telephone (voice) between 6:00 a.m. and 5:00 p.m. Pacific time, Monday through Friday, by dialing 888-377-4575; facsimile (fax) available at 909-792-0960; electronic mail (e-mail) support@esri.com; or visit http://support.esri.com; ESRI holidays excluded. 

Outside the United States–
Please direct all inquiries regarding software/data pricing, sales, support, and consulting services to your local ESRI International Distributor.  This information can be found at http://gis.esri.com/intldist/contactint.cfm.  

For other questions or comments, you may contact ESRI headquarters by e-mail, telephone, or fax or write to us.</cntinst></cntinfo></ptcontac><datacred>Funding provided by National Science Foundation and National Institute of Health</datacred></idinfo><metainfo><langmeta Sync="TRUE">en</langmeta><metstdn Sync="TRUE">FGDC Content Standards for Digital Geospatial Metadata</metstdn><metstdv Sync="TRUE">FGDC-STD-001-1998</metstdv><mettc Sync="TRUE">local time</mettc><metc><cntinfo><cntorgp><cntper>Data Team</cntper><cntorg>ESRI</cntorg></cntorgp><cntaddr><addrtype>mailing and physical address</addrtype><city>Redlands</city><state>California</state><postal>92373-8100</postal><address>380 New York Street</address><country>USA</country></cntaddr><cntvoice>909-793-2853</cntvoice><cntfax>909-793-5953</cntfax><cntemail>info@esri.com</cntemail><hours>7:00 a.m.–5:30 p.m. Pacific time, Monday–Friday</hours></cntinfo></metc><metd Sync="TRUE">20070508</metd></metainfo><spdoinfo><direct Sync="TRUE">Vector</direct><ptvctinf><esriterm Name="ZAF_AdminUnit_Centroids"><efeatyp Sync="TRUE">Simple</efeatyp><efeageom code="1" Sync="TRUE"></efeageom><esritopo Sync="TRUE">FALSE</esritopo><efeacnt Sync="TRUE">9</efeacnt><spindex Sync="TRUE">FALSE</spindex><linrefer Sync="TRUE">FALSE</linrefer></esriterm></ptvctinf></spdoinfo><spref><horizsys><cordsysn><geogcsn Sync="TRUE">GCS_WGS_1984</geogcsn></cordsysn><geograph><geogunit Sync="TRUE">Decimal degrees</geogunit><latres Sync="TRUE">0.000000</latres><longres Sync="TRUE">0.000000</longres></geograph><geodetic><horizdn Sync="TRUE">D_WGS_1984</horizdn><ellips Sync="TRUE">WGS_1984</ellips><semiaxis Sync="TRUE">6378137.000000</semiaxis><denflat Sync="TRUE">298.257224</denflat></geodetic></horizsys></spref><eainfo><detailed Name="ZAF_AdminUnit_Centroids"><enttyp><enttypl Sync="TRUE">ZAF_AdminUnit_Centroids</enttypl><enttypt Sync="TRUE">Feature Class</enttypt><enttypc Sync="TRUE">9</enttypc><enttypd>The polygons represent the boundaries for the first-level administrative units of the world.</enttypd><enttypds>ESRI</enttypds></enttyp><attr><attrlabl Sync="TRUE">FID</attrlabl><attalias Sync="TRUE">FID</attalias><attrtype Sync="TRUE">OID</attrtype><attwidth Sync="TRUE">4</attwidth><atprecis Sync="TRUE">0</atprecis><attscale Sync="TRUE">0</attscale><attrdef Sync="TRUE">Internal feature number.</attrdef><attrdefs Sync="TRUE">ESRI</attrdefs><attrdomv><udom Sync="TRUE">Sequential unique whole numbers that are automatically generated.</udom></attrdomv></attr><attr><attrlabl Sync="TRUE">Shape</attrlabl><attalias Sync="TRUE">Shape</attalias><attrtype Sync="TRUE">Geometry</attrtype><attwidth Sync="TRUE">0</attwidth><atprecis Sync="TRUE">0</atprecis><attscale Sync="TRUE">0</attscale><attrdef Sync="TRUE">Feature geometry.</attrdef><attrdefs Sync="TRUE">ESRI</attrdefs><attrdomv><udom Sync="TRUE">Coordinates defining the features.</udom></attrdomv></attr><attr><attrlabl Sync="TRUE">IPUMSID</attrlabl><attalias Sync="TRUE">IPUMSID</attalias><attrtype Sync="TRUE">Integer</attrtype><attwidth Sync="TRUE">9</attwidth><atprecis Sync="TRUE">9</atprecis><attscale Sync="TRUE">0</attscale></attr><attr><attrlabl Sync="TRUE">TotPop</attrlabl><attalias Sync="TRUE">TotPop</attalias><attrtype Sync="TRUE">Integer</attrtype><attwidth Sync="TRUE">9</attwidth><atprecis Sync="TRUE">9</atprecis><attscale Sync="TRUE">0</attscale></attr><attr><attrlabl Sync="TRUE">UrbanPop</attrlabl><attalias Sync="TRUE">UrbanPop</attalias><attrtype Sync="TRUE">Double</attrtype><attwidth Sync="TRUE">19</attwidth><atprecis Sync="TRUE">0</atprecis><attscale Sync="TRUE">0</attscale></attr><attr><attrlabl Sync="TRUE">UrbanProp</attrlabl><attalias Sync="TRUE">UrbanProp</attalias><attrtype Sync="TRUE">Double</attrtype><attwidth Sync="TRUE">19</attwidth><atprecis Sync="TRUE">0</atprecis><attscale Sync="TRUE">0</attscale></attr><attr><attrlabl Sync="TRUE">AREA_KM</attrlabl><attalias Sync="TRUE">AREA_KM</attalias><attrtype Sync="TRUE">Single</attrtype><attwidth Sync="TRUE">13</attwidth><atprecis Sync="TRUE">0</atprecis><attscale Sync="TRUE">0</attscale></attr><attr><attrlabl Sync="TRUE">POINT_X</attrlabl><attalias Sync="TRUE">POINT_X</attalias><attrtype Sync="TRUE">Double</attrtype><attwidth Sync="TRUE">19</attwidth><atprecis Sync="TRUE">0</atprecis><attscale Sync="TRUE">0</attscale></attr><attr><attrlabl Sync="TRUE">POINT_Y</attrlabl><attalias Sync="TRUE">POINT_Y</attalias><attrtype Sync="TRUE">Double</attrtype><attwidth Sync="TRUE">19</attwidth><atprecis Sync="TRUE">0</atprecis><attscale Sync="TRUE">0</attscale></attr><attr><attrlabl Sync="TRUE">ISO</attrlabl><attalias Sync="TRUE">ISO</attalias><attrtype Sync="TRUE">String</attrtype><attwidth Sync="TRUE">3</attwidth><atprecis Sync="TRUE">0</atprecis><attscale Sync="TRUE">0</attscale></attr></detailed></eainfo><distinfo><stdorder><digform><digtinfo><transize Sync="TRUE">0.000</transize><dssize Sync="TRUE">0.000</dssize><formname>SDC</formname><filedec>ArcGIS® software</filedec><formspec>The SDC file contains the geospatial and attribute data. The SDI file contains the spatial index. The PRJ file contains the coordinate system information (optional). The XML file (*.sdc.xml) contains the metadata describing the data set (optional).</formspec></digtinfo><digtopt><offoptn><offmedia>DVD–ROM</offmedia><reccap><recden>4.38</recden><recdenu>GB (gigabytes)</recdenu></reccap><recfmt>UDF (Universal Disc Format)</recfmt></offoptn></digtopt></digform><fees>Software purchase price</fees><ordering>ESRI Data &amp; Maps is available only as part of ESRI® software.</ordering></stdorder><distrib><cntinfo><cntorgp><cntorg>ESRI; ESRI International Distributors</cntorg></cntorgp><cntinst>In the United States, contact the ESRI Telebusiness staff at 800-447-9778 for more information about our software and data.

Outside the United States, please direct all inquiries to your local ESRI International Distributor.  This information can be found at http://gis.esri.com/intldist/contactint.cfm.</cntinst><cntaddr><addrtype>mailing and physical address</addrtype><address>380 New York Street</address><city>Redlands</city><state>California</state><postal>92373-8100</postal><country>USA</country></cntaddr><cntvoice>800-447-9778</cntvoice></cntinfo></distrib><techpreq>To use this data requires software that supports SDC files.</techpreq><distliab>See use constraints.</distliab><resdesc>Offline Data</resdesc></distinfo><dataqual><lineage><srcinfo><srccite><citeinfo><title>ArcWorld™ Supplement</title><origin>ESRI</origin><pubdate>1996</pubdate><edition>1</edition><geoform>vector digital data</geoform><pubinfo><publish>ESRI</publish><pubplace>Redlands, California, USA</pubplace></pubinfo></citeinfo></srccite><srcscale>3000000</srcscale><typesrc>CD–ROM</typesrc><srctime><timeinfo><sngdate><caldate>1996</caldate></sngdate></timeinfo><srccurr>publication date</srccurr></srctime><srccitea>ArcWorld Supplement</srccitea><srccontr>Attribute and geospatial data</srccontr></srcinfo><procstep><procdesc>The following steps were performed by ESRI for Data &amp; Maps 2002: Updated Saudi Arabia - Yemen border. Updated attributes for East Timor, Yugoslavia, Saudi Arabia, and Yemen.  Recalculated attributes based on area.  Created ArcGIS® layer file (.lyr) and ArcView GIS legend file (.avl).  Copied projection file (.prj) and created spatial indices.

The following steps were performed by ESRI: Extracted the features from ESRI Data &amp; Maps 1999 data set–admin98.shp.  Updated political boundaries for countries and first-level administrative units.  This included Nunavut in Canada and Macau in China as well as others. Extended political boundaries into the Caspian Sea and removed the shoreline.  Created ArcGIS® layer file (.lyr).  Created ArcView GIS legend file (.avl).  Created projection file (.prj).  Created spatial indices.</procdesc><procsv>ArcInfo 8, ArcView GIS 3, ArcGIS 8</procsv><srcused>ArcWorld Supplement</srcused><procdate>20020212</procdate><srcused>Geographic and Global Issues</srcused><srcused>CIA Factbook</srcused><srcused>NCGIA</srcused><srcused>Nunavut Planning Commission (NPC)</srcused><srcused>GMI</srcused><srcused>ESFN FIPS 10-4 20000225</srcused><srcused>ESFN FIPS 10-4 20010128</srcused><srcused>TREATY OF JEDDAH, 2000</srcused></procstep><srcinfo><srccitea>Geographic and Global Issues</srccitea><srccontr>Attribute data</srccontr><srccite><citeinfo><origin>United States Department of State, Bureau of Intelligence and Research</origin><pubdate>Winter 1993/1994</pubdate><title>Geographic and Global Issues Quarterly</title><edition>Volume 3, Number 4</edition><serinfo><sername>Geographic and Global Issues Quarterly</sername><issue>Volume 3, Number 4</issue></serinfo><pubinfo><pubplace>Washington, DC, USA</pubplace><publish>United States Department of State, Bureau of Intelligence and Research</publish></pubinfo></citeinfo></srccite><typesrc>paper</typesrc><srctime><timeinfo><sngdate><caldate>Winter 1993/1994</caldate></sngdate></timeinfo><srccurr>publication date</srccurr></srctime></srcinfo><srcinfo><srccite><citeinfo><title>The World Factbook 2000; 2003</title><origin>United States Central Intelligence Agency</origin><pubdate>20000101, 2003</pubdate><edition>2000</edition><serinfo><sername>The World Factbook</sername><issue>2000; 2003</issue></serinfo><pubinfo><pubplace>Washington, DC, USA</pubplace><publish>United States Central Intelligence Agency</publish></pubinfo><onlink>http://www.cia.gov/cia/publications/factbook/index.html</onlink></citeinfo></srccite><typesrc>online</typesrc><srctime><timeinfo><mdattim><sngdate><caldate>20000101</caldate></sngdate><sngdate><caldate>2003</caldate></sngdate></mdattim></timeinfo><srccurr>publication date</srccurr></srctime><srccitea>CIA Factbook</srccitea><srccontr>Attribute data</srccontr></srcinfo><srcinfo><typesrc>paper</typesrc><srccitea>NCGIA</srccitea><srccite><citeinfo><origin>National Center for Geographic Information and Analysis</origin><pubdate>199504</pubdate><title>World Demography Project</title><pubinfo><pubplace>Santa Barbara, California, USA</pubplace><publish>National Center for Geographic Information and Analysis at University of California, Santa Barbara</publish></pubinfo></citeinfo></srccite><srctime><timeinfo><sngdate><caldate>1994</caldate></sngdate></timeinfo><srccurr>ground condition</srccurr></srctime><srccontr>Attribute data</srccontr></srcinfo><srcinfo><srccite><citeinfo><origin>Nunavut Planning Commission (NPC)</origin><title>Description of the Boundary of the Nunavut Settlement Area</title><geoform>document</geoform><pubinfo><pubplace>online</pubplace><publish>Nunavut Planning Commission (NPC)</publish></pubinfo><onlink>http://npc.nunavut.ca/eng/nunavut/boundary.html</onlink></citeinfo></srccite><typesrc>online</typesrc><srctime><timeinfo><sngdate><caldate>19990401</caldate></sngdate></timeinfo><srccurr>ground condition</srccurr></srctime><srccitea>Nunavut Planning Commission (NPC)</srccitea><srccontr>Attribute and geospatial data</srccontr></srcinfo><srcinfo><srccontr>Attribute data</srccontr><srccite><citeinfo><origin>Global Mapping International</origin><pubinfo><pubplace>Colorado Springs, Colorado, USA </pubplace><publish>Global Mapping International</publish></pubinfo><title>Missions Database</title><onlink>http://www.gmi.org</onlink></citeinfo></srccite><srccitea>GMI</srccitea><srctime><timeinfo><sngdate><caldate>2000</caldate></sngdate></timeinfo><srccurr>publication date</srccurr></srctime><typesrc>CD–ROM</typesrc></srcinfo><srcinfo><srccite><citeinfo><title>COUNTRIES, DEPENDENCIES, AREAS OF SPECIAL SOVEREIGNTY, AND THEIR PRINCIPAL ADMINISTRATIVE DIVISIONS</title><origin>Executive Secretary for Foreign Names - U.S. Board on Geographic Names</origin><pubdate>20000225</pubdate><edition>4</edition><geoform>tabular digital data</geoform><serinfo><sername>FIPS 10-4</sername></serinfo><pubinfo><pubplace>Bethesda, Maryland, USA</pubplace><publish>National Imagery and Mapping Agency</publish></pubinfo></citeinfo></srccite><srccitea>ESFN FIPS 10-4 20000225</srccitea><srccontr>Attribute data</srccontr><srctime><timeinfo><sngdate><caldate>20000225</caldate></sngdate></timeinfo><srccurr>publication date</srccurr></srctime></srcinfo><srcinfo><srccontr>Attribute data</srccontr><srccitea>ESFN FIPS 10-4 20010128</srccitea><srccite><citeinfo><title>COUNTRIES, DEPENDENCIES, AREAS OF SPECIAL SOVEREIGNTY, AND THEIR PRINCIPAL ADMINISTRATIVE DIVISIONS</title><origin>Executive Secretary for Foreign Names - U.S. Board on Geographic Names</origin><pubdate>20010128</pubdate><edition>6</edition><geoform>tabular digital data</geoform><serinfo><sername>FIPS 10-4</sername></serinfo><pubinfo><pubplace>Bethesda, Maryland, USA</pubplace><publish>National Imagery and Mapping Agency</publish></pubinfo></citeinfo></srccite><srctime><timeinfo><sngdate><caldate>20010128</caldate></sngdate></timeinfo><srccurr>publication date</srccurr></srctime></srcinfo><srcinfo><srccite><citeinfo><origin>International Border Treaty between the Republic of Yemen and the Kingdom of Saudi Arabia </origin><pubdate>20000612</pubdate><title>THE TREATY OF JEDDAH, 2000</title><geoform>document</geoform><onlink>http://www.al-bab.com/yemen/pol/int5.htm</onlink><pubinfo><pubplace>online</pubplace><publish>Yemen Gateway - "BAB AL-YEMEN"</publish></pubinfo></citeinfo></srccite><typesrc>online</typesrc><srccontr>Attribute and geospatial data</srccontr><srctime><timeinfo><sngdate><caldate>20000612</caldate></sngdate></timeinfo><srccurr>publication date</srccurr></srctime><srccitea>TREATY OF JEDDAH, 2000</srccitea></srcinfo><srcinfo><srccite><citeinfo><origin>BBC News</origin><pubdate>20020314</pubdate><title>Yugoslav partners sign historic deal</title><geoform>document</geoform><serinfo><sername>BBC News Online</sername><issue>March 14, 2002</issue></serinfo><pubinfo><pubplace>online</pubplace><publish>BBC News</publish></pubinfo><onlink>http://news.bbc.co.uk/1/hi/world/europe/1872070.stm</onlink></citeinfo></srccite><typesrc>online</typesrc><srctime><timeinfo><sngdate><caldate>20020314</caldate></sngdate></timeinfo><srccurr>publication date</srccurr></srctime><srccitea>http://news.bbc.co.uk</srccitea><srccontr>Attribute data</srccontr></srcinfo><procstep><procdesc>The following steps were performed by ESRI: Copied the features from ESRI Data &amp; Maps 2002 data set - admin02.shp. Renamed Yugoslavia to Serbia &amp; Montenegro. Created ArcGIS® layer file (.lyr), projection file (.prj), and spatial indices. Converted the data set to SDC.</procdesc><procsv>ArcView GIS 3, ArcGIS 8, ArcSDE®</procsv><procdate>20020920</procdate><srcused>ArcWorld Supplement</srcused><srcused>Geographic and Global Issues</srcused><srcused>CIA Factbook</srcused><srcused>NCGIA</srcused><srcused>Nunavut Planning Commission (NPC)</srcused><srcused>GMI</srcused><srcused>ESFN FIPS 10-4 20000225</srcused><srcused>ESFN FIPS 10-4 20010128</srcused><srcused>TREATY OF JEDDAH, 2000</srcused><srcused>http://news.bbc.co.uk</srcused></procstep><srcinfo><srccite><citeinfo><origin>International Organization for Standardization</origin><pubdate>20021115</pubdate><title>Updates on ISO 3166</title><geoform>document</geoform><pubinfo><pubplace>online</pubplace><publish>International Organization for Standardization</publish></pubinfo><othercit>ISO 3166-1 NEWSLETTER No. V-6 [20021115]</othercit><onlink>http://www.iso.ch/iso/en/prods-services/iso3166ma/03updates-on-iso-3166/nlv6e-tl.html</onlink></citeinfo></srccite><typesrc>online</typesrc><srctime><timeinfo><sngdate><caldate>20021115</caldate></sngdate></timeinfo><srccurr>publication date</srccurr></srctime><srccitea>http://www.iso.ch</srccitea><srccontr>Attribute data</srccontr></srcinfo><procstep><procdesc>The following steps were performed by ESRI: Updated attribute values for East Timor, Serbia &amp; Montenegro, and Taiwan. Recreated administrative units, merging the units of Taiwan into a single province of China. Added LABEL_FLAG attribute to assist in the display of the map documents (.mxd). Removed the Paracel and Spratly island groups.</procdesc><procsv>ArcView® GIS 3, ArcGIS® 9</procsv><srcused>http://www.iso.ch</srcused><srcused>GMI</srcused><srcused>CIA Factbook</srcused><procdate>20040307</procdate></procstep><procstep><procdesc>The following steps were performed by ESRI: Reduced the attribute width for GMI_ADMIN.</procdesc><procsv>ArcView® GIS 3, ArcGIS® 9</procsv><procdate>20050221</procdate></procstep><procstep><procdesc Sync="TRUE">Dataset copied.</procdesc><srcused Sync="TRUE">C:\WorkSpace\trent\admin</srcused><date Sync="TRUE">20070511</date><time Sync="TRUE">06575000</time></procstep><procstep><procdesc Sync="TRUE">Dataset copied.</procdesc><srcused Sync="TRUE"/><date Sync="TRUE">20071001</date><time Sync="TRUE">15473200</time></procstep><procstep><procdesc Sync="TRUE">Dataset copied.</procdesc><srcused Sync="TRUE"/><procdate Sync="TRUE">20100325</procdate><proctime Sync="TRUE">15512200</proctime></procstep></lineage><posacc><horizpa><horizpar>The geospatial part of this data set was originally extracted from the ArcWorld Supplement database and then generalized (tolerance unknown). The positional accuracy is unknown.</horizpar></horizpa></posacc><logic>The shapefile is converted to SDC (Smart Data Compression) format using either ESRI SDC Data Development Kit Professional 2 (DDKP2) or tools in ArcGIS.  The SDC data set is then loaded into ArcSDE® to verify and validate the geometry.  The data set is created directly from a topologically correct ArcInfo® coverage.</logic><complete>After processing, the data set is checked for drawing display and number of records and file sizes compared with source materials.</complete></dataqual><mdDateSt Sync="TRUE">20160224</mdDateSt><dataIdInfo><envirDesc Sync="TRUE">Microsoft Windows 7 Version 6.1 (Build 7601) Service Pack 1; Esri ArcGIS 10.1.1.3143</envirDesc><dataLang><languageCode Sync="TRUE" value="eng" country="USA"/><countryCode value="GBR" Sync="TRUE"/></dataLang><idCitation><resEd>First Edition, 2013</resEd><resEdDate>20061001</resEdDate><resRefDate><refDate>20040307</refDate><refDateType><DateTypCd value="001"/></refDateType></resRefDate><citRespParty><rpIndName>Lara L. Cleveland</rpIndName><rpOrgName>Minnesota Population Center</rpOrgName><rpPosName>Project Manager</rpPosName><role><RoleCd value="007"/></role><rpCntInfo><cntAddress><delPoint>Minnesota Population Center, 50 Willey Hall, 225 - 19th Avenue South</delPoint><city>Minneapolis</city><adminArea>Minnesota</adminArea><postCode>55455</postCode><eMailAdd>ipums@pop.umn.edu</eMailAdd><country>United States</country></cntAddress><cntPhone><voiceNum>612-624-5818</voiceNum><faxNum>612-626-8375</faxNum></cntPhone></rpCntInfo></citRespParty><resRefDate><refDate>20061001</refDate><refDateType><DateTypCd value="002"/></refDateType></resRefDate><presForm><PresFormCd value="005"/></presForm><otherCitDet>Citation: Minnesota Population Center. Integrated Public Use Microdata Series, International: Version 6.1 [Machine-readable database]. Minneapolis: University of Minnesota, 2011.</otherCitDet><resTitle Sync="TRUE">ZAF_AdminUnit_Centroids</resTitle></idCitation><spatRpType><SpatRepTypCd Sync="TRUE" value="001"/></spatRpType><geoBox esriExtentType="decdegrees"><westBL Sync="TRUE">-180</westBL><eastBL Sync="TRUE">180</eastBL><northBL Sync="TRUE">83.6236</northBL><southBL Sync="TRUE">-90</southBL><exTypeCode Sync="TRUE">1</exTypeCode></geoBox><resConst><LegConsts><useLimit>Authorization to use IPUMS International data and maps constitutes a legal binding agreement between the applicant, the applicant's institution, the University of Minnesota, and the relevant official statistical authorities. Submitting false, misleading or fraudulent information constitutes a violation of this agreement. Misusing the data and maps by violating any of the conditions detailed below also constitutes a violation of this agreement and may lead to professional censure, loss of employment, or civil prosecution under relevant national and international laws, and to sanctions against your institution, at the discretion of the University of Minnesota and the official statistical authorities.</useLimit><useLimit>USAGE LICENCE:
1. User agrees to receive occasional email messages.
2. Maps must not be redistributed without authorization.
3. Maps are intended only for scholarly research and educational purposes.
4. Commercial use and redistribution of the maps is strictly prohibited.
5. Scholarly publications are permitted, and must be cited appropriately.
6. User agrees to notify ipums@umn.edu regarding errors in the map.</useLimit></LegConsts></resConst><dataScale><equScale><rfDenom>15000000</rfDenom></equScale></dataScale><descKeys KeyTypCd="005"><keyTyp><KeyTypCd value="005"/></keyTyp><keyword>polygon, administrative units, countries, international boundaries, coastlines, area, administrative unit and international codes, population, English and local names, boundaries, society</keyword><thesaName uuidref="723f6998-058e-11dc-8314-0800200c9a66"/></descKeys><descKeys KeyTypCd="002"><keyTyp><KeyTypCd value="002"/></keyTyp><keyword>World</keyword><thesaName uuidref="723f6998-058e-11dc-8314-0800200c9a66"/></descKeys><descKeys KeyTypCd="004"><keyTyp><KeyTypCd value="004"/></keyTyp><keyword>1996, 1998, 1993/1994, 2000, 2000, 1994, 1999, 2000, 2001, 2000, 2002, 2002, 2000, 2003</keyword><thesaName uuidref="723f6998-058e-11dc-8314-0800200c9a66"/></descKeys><resMaint><maintFreq><MaintFreqCd value="009"/></maintFreq><dateNext>6/30/2014 12:00:00 AM</dateNext><maintScp><ScopeCd value="001"/></maintScp></resMaint><idPoC Sync="TRUE"><rpIndName Sync="TRUE">Lara L. Cleveland</rpIndName><rpOrgName Sync="TRUE">Minnesota Population Center</rpOrgName><rpPosName Sync="TRUE">Project Manager, IPUMS International</rpPosName><rpCntInfo><cntPhone><voiceNum Sync="TRUE">612-624-5818</voiceNum><faxNum Sync="TRUE">612-626-8375</faxNum></cntPhone><cntAddress><delPoint Sync="TRUE">Minnesota Population Center, 50 Willey Hall, 225 - 19th Avenue South</delPoint><city Sync="TRUE">Minneapolis</city><adminArea Sync="TRUE">Minnesota</adminArea><postCode Sync="TRUE">55455</postCode><country Sync="TRUE">USA</country><eMailAdd Sync="TRUE">ipums@pop.umn.edu</eMailAdd></cntAddress></rpCntInfo><role><RoleCd Sync="TRUE" value="007"/></role></idPoC><idStatus><ProgCd value="001"/></idStatus><dataExt><geoEle xmlns=""><GeoBndBox esriExtentType="search"><westBL Sync="TRUE">20.614183</westBL><eastBL Sync="TRUE">30.724977</eastBL><northBL Sync="TRUE">-23.737227</northBL><southBL Sync="TRUE">-33.011436</southBL><exTypeCode Sync="TRUE">1</exTypeCode></GeoBndBox></geoEle></dataExt><tpCat><TopicCatCd value="003"/></tpCat></dataIdInfo><mdLang><languageCode Sync="TRUE" value="eng"/><countryCode value="GBR" Sync="TRUE"/></mdLang><mdStanName Sync="TRUE">ISO 19115 Geographic Information - Metadata</mdStanName><mdStanVer Sync="TRUE">DIS_ESRI1.0</mdStanVer><mdChar><CharSetCd Sync="TRUE" value="004"/></mdChar><mdContact><rpIndName>Lara L. Cleveland</rpIndName><rpOrgName>Minnesota Population Center</rpOrgName><rpPosName>Project Manager, IPUMS International</rpPosName><rpCntInfo><cntAddress><delPoint>Minnesota Population Center, 50 Willey Hall, 225 - 19th Avenue South</delPoint><city>Minneapolis</city><adminArea>MN</adminArea><postCode>55455</postCode><eMailAdd>ipums@pop.umn.edu</eMailAdd><country>USA</country></cntAddress><cntPhone><voiceNum>612-624-5818</voiceNum><faxNum>612-626-8375</faxNum></cntPhone></rpCntInfo><role><RoleCd value="007"/></role></mdContact><dqInfo><dqScope><scpLvl><ScopeCd value="005"/></scpLvl></dqScope><dataLineage><statement>The polygon units in GEOLEV1 are created keeping in mind changing boundaries and census geography. If the boundaries between two census units change from one sample year to another, we combine the units to form one single unit.  Research on changes in country boundaries over time relies mostly on the Administrative Divisions of Country (Statoids), detailed documentation and maps from the IPUMS International partners, and ancillary information from census documentation.

Here are some controversial boundary issues that the IPUMS-International staff would like users to be aware of:
1, In CANADA, Yukon, Northwest Territories, and Nunavut are separate provinces, but the 2001 data set for the four provinces were combined .
2. ISRAEL and PALESTINE have international boundary issues - Judea, Samaria, and Gaza areas although represented in the IPUM-International microdata for Israel are not represented in the shapefile.  The Gaza strip with its governorates are a part of Palestine.
3. BURKINA FASO has been grouped in three broad regions because of the changes in boundaries.  The one single region of "Boucle du Mouhoun, Cascades, Centre, Centre-Ouest, Centre-Sud, Hauts-Bassins, Plateau Central, Sud-Ouest, Centre-Est, Centre-Nord, Est" is a combination of all the above listed regions.  The two ther Regions in Burkina are Nord, and Sahel.
</statement></dataLineage></dqInfo><mdFileID Sync="TRUE">Geolevel 1</mdFileID><mdMaint><maintFreq><MaintFreqCd value="009"/></maintFreq><dateNext>6/30/2014 12:00:00 AM</dateNext><maintScp><ScopeCd value="001"/></maintScp></mdMaint><mdHrLv><ScopeCd value="005"/></mdHrLv><mdHrLvName Sync="TRUE">dataset</mdHrLvName><refSysInfo><RefSystem><refSysID><identCode code="4326"/><idCodeSpace Sync="TRUE">EPSG</idCodeSpace><idVersion Sync="TRUE">7.11.2</idVersion></refSysID></RefSystem></refSysInfo><spatRepInfo><VectSpatRep><geometObjs Name="ZAF_AdminUnit_Centroids"><geoObjTyp><GeoObjTypCd value="004" Sync="TRUE"></GeoObjTypCd></geoObjTyp><geoObjCnt Sync="TRUE">9</geoObjCnt></geometObjs><topLvl><TopoLevCd value="001" Sync="TRUE"></TopoLevCd></topLvl></VectSpatRep></spatRepInfo><distInfo><distFormat><formatName Sync="TRUE">Shapefile</formatName></distFormat><distTranOps><transSize Sync="TRUE">0.000</transSize></distTranOps></distInfo></metadata>
