<?xml version="1.0" encoding="UTF-8"?>
<metadata xml:lang="en"><Esri><CreaDate>20160217</CreaDate><CreaTime>16321200</CreaTime><ArcGISFormat>1.0</ArcGISFormat><SyncOnce>FALSE</SyncOnce><DataProperties><itemProps><itemLocation><linkage Sync="TRUE">file://\\UOS-208508\C$\local\GIS_projects\Migration\CENTROIDS\ASIA\KHM_centroids</linkage><protocol Sync="TRUE">Local Area Network</protocol></itemLocation><itemName Sync="TRUE">centroids</itemName><imsContentType Sync="TRUE">002</imsContentType><itemSize Sync="TRUE">0.000</itemSize></itemProps><copyHistory><copy source="C:\local\GIS_projects\Migration\Asia\Cambodia_2008_AGGREGATED\Scratch\KHM_centroids" dest="\\UOS-208508\C$\local\GIS_projects\Migration\CENTROIDS\ASIA\KHM_centroids" date="20160217" time="16321200"></copy></copyHistory><lineage><Process Name="Join &quot;ISO_admin&quot; with ISO_admin_TotPop_UrbanPop_UrbanProp.dbf&quot; based on IPUMSID" ToolSource="c:\program files (x86)\arcgis\desktop10.1\ArcToolbox\Toolboxes\Data Management Tools.tbx\JoinField" Date="20150305" Time="123826">JoinField "IPUMSI spatial res\KHM_adm2" IPUMSID C:\local\GIS_projects\Migration\Asia\Cambodia_2008\POP\ISO_TotPop_UrbanPop_UrbanProp.dbf IPUMSID TotPop;UrbanPop;UrbanProp</Process><Process ToolSource="c:\program files (x86)\arcgis\desktop10.1\ArcToolbox\Toolboxes\Data Management Tools.tbx\CalculateField" Date="20150305" Time="130029">CalculateField KHM_adm2 IPUMSID 1500 VB #</Process><Process Name="Join &quot;ISO_admin&quot; with ISO_admin_TotPop_UrbanPop_UrbanProp.dbf&quot; based on IPUMSID" ToolSource="c:\program files (x86)\arcgis\desktop10.1\ArcToolbox\Toolboxes\Data Management Tools.tbx\JoinField" Date="20150305" Time="130351">JoinField "IPUMSI spatial res\KHM_adm2" IPUMSID C:\local\GIS_projects\Migration\Asia\Cambodia_2008\POP\ISO_TotPop_UrbanPop_UrbanProp.dbf IPUMSID TotPop;UrbanPop;UrbanProp</Process><Process ToolSource="c:\program files (x86)\arcgis\desktop10.1\ArcToolbox\Toolboxes\Data Management Tools.tbx\CalculateField" Date="20150713" Time="153006">CalculateField ASIA\KHM_adm2_AggKey IPUMSID_AG 1 VB #</Process><Process ToolSource="c:\program files (x86)\arcgis\desktop10.1\ArcToolbox\Toolboxes\Data Management Tools.tbx\CalculateField" Date="20150713" Time="153053">CalculateField ASIA\KHM_adm2_AggKey IPUMSID_AG 2 VB #</Process><Process ToolSource="c:\program files (x86)\arcgis\desktop10.1\ArcToolbox\Toolboxes\Data Management Tools.tbx\CalculateField" Date="20150713" Time="153103">CalculateField ASIA\KHM_adm2_AggKey IPUMSID_AG 3 VB #</Process><Process ToolSource="c:\program files (x86)\arcgis\desktop10.1\ArcToolbox\Toolboxes\Data Management Tools.tbx\CalculateField" Date="20150713" Time="153111">CalculateField ASIA\KHM_adm2_AggKey IPUMSID_AG 4 VB #</Process><Process ToolSource="c:\program files (x86)\arcgis\desktop10.1\ArcToolbox\Toolboxes\Data Management Tools.tbx\CalculateField" Date="20150713" Time="153123">CalculateField ASIA\KHM_adm2_AggKey IPUMSID_AG 5 VB #</Process><Process ToolSource="c:\program files (x86)\arcgis\desktop10.1\ArcToolbox\Toolboxes\Data Management Tools.tbx\CalculateField" Date="20150713" Time="153132">CalculateField ASIA\KHM_adm2_AggKey IPUMSID_AG 6 VB #</Process><Process ToolSource="c:\program files (x86)\arcgis\desktop10.1\ArcToolbox\Toolboxes\Data Management Tools.tbx\CalculateField" Date="20150713" Time="153143">CalculateField ASIA\KHM_adm2_AggKey IPUMSID_AG 7 VB #</Process><Process ToolSource="c:\program files (x86)\arcgis\desktop10.1\ArcToolbox\Toolboxes\Data Management Tools.tbx\CalculateField" Date="20150713" Time="153153">CalculateField ASIA\KHM_adm2_AggKey IPUMSID_AG 8 VB #</Process><Process ToolSource="c:\program files (x86)\arcgis\desktop10.1\ArcToolbox\Toolboxes\Data Management Tools.tbx\CalculateField" Date="20150713" Time="153202">CalculateField ASIA\KHM_adm2_AggKey IPUMSID_AG 9 VB #</Process><Process ToolSource="c:\program files (x86)\arcgis\desktop10.1\ArcToolbox\Toolboxes\Data Management Tools.tbx\CalculateField" Date="20150713" Time="153218">CalculateField ASIA\KHM_adm2_AggKey IPUMSID_AG 10 VB #</Process><Process ToolSource="c:\program files (x86)\arcgis\desktop10.1\ArcToolbox\Toolboxes\Data Management Tools.tbx\CalculateField" Date="20150713" Time="153230">CalculateField ASIA\KHM_adm2_AggKey IPUMSID_AG 11 VB #</Process><Process ToolSource="c:\program files (x86)\arcgis\desktop10.1\ArcToolbox\Toolboxes\Data Management Tools.tbx\CalculateField" Date="20150713" Time="153242">CalculateField ASIA\KHM_adm2_AggKey IPUMSID_AG 12 VB #</Process><Process ToolSource="c:\program files (x86)\arcgis\desktop10.1\ArcToolbox\Toolboxes\Data Management Tools.tbx\CalculateField" Date="20150713" Time="153256">CalculateField ASIA\KHM_adm2_AggKey IPUMSID_AG 13 VB #</Process><Process ToolSource="c:\program files (x86)\arcgis\desktop10.1\ArcToolbox\Toolboxes\Data Management Tools.tbx\CalculateField" Date="20150713" Time="153307">CalculateField ASIA\KHM_adm2_AggKey IPUMSID_AG 14 VB #</Process><Process ToolSource="c:\program files (x86)\arcgis\desktop10.1\ArcToolbox\Toolboxes\Data Management Tools.tbx\CalculateField" Date="20150713" Time="153320">CalculateField ASIA\KHM_adm2_AggKey IPUMSID_AG 15 VB #</Process><Process ToolSource="c:\program files (x86)\arcgis\desktop10.1\ArcToolbox\Toolboxes\Data Management Tools.tbx\CalculateField" Date="20150713" Time="153548">CalculateField ASIA\KHM_adm2_AggKey IPUMSID_AG 16 VB #</Process><Process ToolSource="c:\program files (x86)\arcgis\desktop10.1\ArcToolbox\Toolboxes\Data Management Tools.tbx\CalculateField" Date="20150713" Time="153559">CalculateField ASIA\KHM_adm2_AggKey IPUMSID_AG 17 VB #</Process><Process ToolSource="c:\program files (x86)\arcgis\desktop10.1\ArcToolbox\Toolboxes\Data Management Tools.tbx\CalculateField" Date="20150713" Time="153611">CalculateField ASIA\KHM_adm2_AggKey IPUMSID_AG 18 VB #</Process><Process ToolSource="c:\program files (x86)\arcgis\desktop10.1\ArcToolbox\Toolboxes\Data Management Tools.tbx\CalculateField" Date="20150713" Time="153622">CalculateField ASIA\KHM_adm2_AggKey IPUMSID_AG 19 VB #</Process><Process ToolSource="c:\program files (x86)\arcgis\desktop10.1\ArcToolbox\Toolboxes\Data Management Tools.tbx\CalculateField" Date="20150713" Time="153636">CalculateField ASIA\KHM_adm2_AggKey IPUMSID_AG 20 VB #</Process><Process ToolSource="c:\program files (x86)\arcgis\desktop10.1\ArcToolbox\Toolboxes\Data Management Tools.tbx\CalculateField" Date="20150713" Time="153650">CalculateField ASIA\KHM_adm2_AggKey IPUMSID_AG 21 VB #</Process><Process ToolSource="c:\program files (x86)\arcgis\desktop10.1\ArcToolbox\Toolboxes\Data Management Tools.tbx\CalculateField" Date="20150713" Time="153713">CalculateField ASIA\KHM_adm2_AggKey IPUMSID_AG 22 VB #</Process><Process ToolSource="c:\program files (x86)\arcgis\desktop10.1\ArcToolbox\Toolboxes\Data Management Tools.tbx\CalculateField" Date="20150713" Time="153722">CalculateField ASIA\KHM_adm2_AggKey IPUMSID_AG 23 VB #</Process><Process ToolSource="c:\program files (x86)\arcgis\desktop10.1\ArcToolbox\Toolboxes\Data Management Tools.tbx\CalculateField" Date="20150713" Time="153733">CalculateField ASIA\KHM_adm2_AggKey IPUMSID_AG 24 VB #</Process><Process ToolSource="c:\program files (x86)\arcgis\desktop10.1\ArcToolbox\Toolboxes\Data Management Tools.tbx\Dissolve" Date="20150715" Time="144645">Dissolve KHM_adm2_AggKey C:\local\GIS_projects\Migration\Asia\Cambodia_2008_AGGREGATED\Spatial_units\KHM_adm1_AGG.shp IPUMSID_AG "ID_1 FIRST;NAME_1 FIRST;TotPop SUM;UrbanPop SUM;IPUMSID_AG FIRST" MULTI_PART DISSOLVE_LINES</Process><Process ToolSource="c:\program files (x86)\arcgis\desktop10.1\ArcToolbox\Toolboxes\Data Management Tools.tbx\CalculateField" Date="20150811" Time="164749">CalculateField KHM_adm1_AGG IPUMSID [IPUMSID_AG] VB #</Process><Process ToolSource="c:\program files (x86)\arcgis\desktop10.1\ArcToolbox\Toolboxes\Data Management Tools.tbx\CalculateField" Date="20150811" Time="165215">CalculateField KHM_adm1_AGG TotPop [SUM_TotPop] VB #</Process><Process ToolSource="c:\program files (x86)\arcgis\desktop10.1\ArcToolbox\Toolboxes\Data Management Tools.tbx\CalculateField" Date="20150811" Time="165225">CalculateField KHM_adm1_AGG UrbanPop [SUM_UrbanP] VB #</Process><Process ToolSource="c:\program files (x86)\arcgis\desktop10.1\ArcToolbox\Toolboxes\Data Management Tools.tbx\CalculateField" Date="20150812" Time="112535">CalculateField KHM_adm1_AGG UrbanProp "[UrbanPop] / [TotPop]" VB #</Process><Process ToolSource="c:\program files (x86)\arcgis\desktop10.1\ArcToolbox\Toolboxes\Data Management Tools.tbx\FeatureToPoint" Date="20150812" Time="112857">FeatureToPoint C:/local/GIS_projects/Migration/Asia/Cambodia_2008_AGGREGATED/Spatial_units/KHM_adm1_AGG.shp C:/local/GIS_projects/Migration/Asia/Cambodia_2008_AGGREGATED/Scratch\centroids.shp CENTROID</Process><Process ToolSource="c:\program files (x86)\arcgis\desktop10.1\ArcToolbox\Toolboxes\Data Management Tools.tbx\AddXY" Date="20150812" Time="112857">AddXY C:/local/GIS_projects/Migration/Asia/Cambodia_2008_AGGREGATED/Scratch\centroids.shp</Process><Process ToolSource="c:\program files (x86)\arcgis\desktop10.1\ArcToolbox\Toolboxes\Data Management Tools.tbx\JoinField" Date="20150812" Time="112858">JoinField C:/local/GIS_projects/Migration/Asia/Cambodia_2008_AGGREGATED/Scratch\centroids.shp ORIG_FID C:/local/GIS_projects/Migration/Asia/Cambodia_2008_AGGREGATED/Spatial_units/KHM_adm1_AGG.shp FID TotPop;UrbanProp;AREA_KM</Process><Process Name="Add XY Coordinates" ToolSource="c:\program files (x86)\arcgis\desktop10.1\ArcToolbox\Toolboxes\Data Management Tools.tbx\AddXY" Date="20150812" Time="112859">AddXY C:/local/GIS_projects/Migration/Asia/Cambodia_2008_AGGREGATED/Scratch\centroids.shp</Process><Process Name="Add XY Coordinates (2)" ToolSource="c:\program files (x86)\arcgis\desktop10.1\ArcToolbox\Toolboxes\Data Management Tools.tbx\AddXY" Date="20150812" Time="112859">AddXY C:/local/GIS_projects/Migration/Asia/Cambodia_2008_AGGREGATED/Scratch\centroids.shp</Process><Process ToolSource="c:\program files (x86)\arcgis\desktop10.1\ArcToolbox\Toolboxes\Data Management Tools.tbx\DeleteField" Date="20160217" Time="183932">DeleteField KHM_centroids IPUMSID_AG;FIRST_ID_1;FIRST_NAME;SUM_TotPop;SUM_UrbanP;ORIG_FID;AREA_KM_1;TotPop_1;UrbanPro_1</Process><Process ToolSource="c:\program files (x86)\arcgis\desktop10.1\ArcToolbox\Toolboxes\Data Management Tools.tbx\CalculateField" Date="20160217" Time="184026">CalculateField KHM_centroids ISO "KHM" VB #</Process><Process ToolSource="c:\program files (x86)\arcgis\desktop10.1\ArcToolbox\Toolboxes\Data Management Tools.tbx\DeleteField" Date="20160224" Time="172433">DeleteField KHM_AdminUnit_Centroids TotPop;UrbanPop;UrbanProp;AREA_KM</Process></lineage><coordRef><type Sync="TRUE">Geographic</type><geogcsn Sync="TRUE">GCS_WGS_1984</geogcsn><csUnits Sync="TRUE">Angular Unit: Degree (0.017453)</csUnits><peXml Sync="TRUE">&lt;GeographicCoordinateSystem xsi:type='typens:GeographicCoordinateSystem' xmlns:xsi='http://www.w3.org/2001/XMLSchema-instance' xmlns:xs='http://www.w3.org/2001/XMLSchema' xmlns:typens='http://www.esri.com/schemas/ArcGIS/10.1'&gt;&lt;WKT&gt;GEOGCS[&amp;quot;GCS_WGS_1984&amp;quot;,DATUM[&amp;quot;D_WGS_1984&amp;quot;,SPHEROID[&amp;quot;WGS_1984&amp;quot;,6378137.0,298.257223563]],PRIMEM[&amp;quot;Greenwich&amp;quot;,0.0],UNIT[&amp;quot;Degree&amp;quot;,0.0174532925199433],AUTHORITY[&amp;quot;EPSG&amp;quot;,4326]]&lt;/WKT&gt;&lt;XOrigin&gt;-400&lt;/XOrigin&gt;&lt;YOrigin&gt;-400&lt;/YOrigin&gt;&lt;XYScale&gt;11258999068426.238&lt;/XYScale&gt;&lt;ZOrigin&gt;-100000&lt;/ZOrigin&gt;&lt;ZScale&gt;10000&lt;/ZScale&gt;&lt;MOrigin&gt;-100000&lt;/MOrigin&gt;&lt;MScale&gt;10000&lt;/MScale&gt;&lt;XYTolerance&gt;8.983152841195215e-009&lt;/XYTolerance&gt;&lt;ZTolerance&gt;0.001&lt;/ZTolerance&gt;&lt;MTolerance&gt;0.001&lt;/MTolerance&gt;&lt;HighPrecision&gt;true&lt;/HighPrecision&gt;&lt;LeftLongitude&gt;-180&lt;/LeftLongitude&gt;&lt;WKID&gt;4326&lt;/WKID&gt;&lt;LatestWKID&gt;4326&lt;/LatestWKID&gt;&lt;/GeographicCoordinateSystem&gt;</peXml></coordRef></DataProperties><SyncDate>20150812</SyncDate><SyncTime>11285700</SyncTime><ModDate>20150812</ModDate><ModTime>11285700</ModTime></Esri><dataIdInfo><envirDesc Sync="TRUE">Microsoft Windows 7 Version 6.1 (Build 7601) Service Pack 1; Esri ArcGIS 10.1.0.3035</envirDesc><dataLang><languageCode value="eng" Sync="TRUE"></languageCode><countryCode value="GBR" Sync="TRUE"></countryCode></dataLang><idCitation><resTitle Sync="TRUE">centroids</resTitle><presForm><PresFormCd value="005" Sync="TRUE"></PresFormCd></presForm></idCitation><spatRpType><SpatRepTypCd value="001" Sync="TRUE"></SpatRepTypCd></spatRpType></dataIdInfo><mdLang><languageCode value="eng" Sync="TRUE"></languageCode><countryCode value="GBR" Sync="TRUE"></countryCode></mdLang><mdChar><CharSetCd value="004" Sync="TRUE"></CharSetCd></mdChar><distInfo><distFormat><formatName Sync="TRUE">Shapefile</formatName></distFormat><distTranOps><transSize Sync="TRUE">0.000</transSize></distTranOps></distInfo><mdHrLv><ScopeCd value="005" Sync="TRUE"></ScopeCd></mdHrLv><mdHrLvName Sync="TRUE">dataset</mdHrLvName><refSysInfo><RefSystem><refSysID><identCode code="4326" Sync="TRUE" value="4326"></identCode><idCodeSpace Sync="TRUE">EPSG</idCodeSpace><idVersion Sync="TRUE">7.9.4</idVersion></refSysID></RefSystem></refSysInfo><spatRepInfo><VectSpatRep><geometObjs Name="centroids"><geoObjTyp><GeoObjTypCd value="004" Sync="TRUE"></GeoObjTypCd></geoObjTyp><geoObjCnt Sync="TRUE">0</geoObjCnt></geometObjs><topLvl><TopoLevCd value="001" Sync="TRUE"></TopoLevCd></topLvl></VectSpatRep></spatRepInfo><spdoinfo><ptvctinf><esriterm Name="centroids"><efeatyp Sync="TRUE">Simple</efeatyp><efeageom code="1" Sync="TRUE"></efeageom><esritopo Sync="TRUE">FALSE</esritopo><efeacnt Sync="TRUE">0</efeacnt><spindex Sync="TRUE">FALSE</spindex><linrefer Sync="TRUE">FALSE</linrefer></esriterm></ptvctinf></spdoinfo><eainfo><detailed Name="centroids"><enttyp><enttypl Sync="TRUE">centroids</enttypl><enttypt Sync="TRUE">Feature Class</enttypt><enttypc Sync="TRUE">0</enttypc></enttyp><attr><attrlabl Sync="TRUE">FID</attrlabl><attalias Sync="TRUE">FID</attalias><attrtype Sync="TRUE">OID</attrtype><attwidth Sync="TRUE">4</attwidth><atprecis Sync="TRUE">0</atprecis><attscale Sync="TRUE">0</attscale><attrdef Sync="TRUE">Internal feature number.</attrdef><attrdefs Sync="TRUE">Esri</attrdefs><attrdomv><udom Sync="TRUE">Sequential unique whole numbers that are automatically generated.</udom></attrdomv></attr><attr><attrlabl Sync="TRUE">Shape</attrlabl><attalias Sync="TRUE">Shape</attalias><attrtype Sync="TRUE">Geometry</attrtype><attwidth Sync="TRUE">0</attwidth><atprecis Sync="TRUE">0</atprecis><attscale Sync="TRUE">0</attscale><attrdef Sync="TRUE">Feature geometry.</attrdef><attrdefs Sync="TRUE">Esri</attrdefs><attrdomv><udom Sync="TRUE">Coordinates defining the features.</udom></attrdomv></attr><attr><attrlabl Sync="TRUE">IPUMSID_AG</attrlabl><attalias Sync="TRUE">IPUMSID_AG</attalias><attrtype Sync="TRUE">Integer</attrtype><attwidth Sync="TRUE">9</attwidth><atprecis Sync="TRUE">9</atprecis><attscale Sync="TRUE">0</attscale></attr><attr><attrlabl Sync="TRUE">FIRST_ID_1</attrlabl><attalias Sync="TRUE">FIRST_ID_1</attalias><attrtype Sync="TRUE">Integer</attrtype><attwidth Sync="TRUE">9</attwidth><atprecis Sync="TRUE">9</atprecis><attscale Sync="TRUE">0</attscale></attr><attr><attrlabl Sync="TRUE">FIRST_NAME</attrlabl><attalias Sync="TRUE">FIRST_NAME</attalias><attrtype Sync="TRUE">String</attrtype><attwidth Sync="TRUE">75</attwidth><atprecis Sync="TRUE">0</atprecis><attscale Sync="TRUE">0</attscale></attr><attr><attrlabl Sync="TRUE">SUM_TotPop</attrlabl><attalias Sync="TRUE">SUM_TotPop</attalias><attrtype Sync="TRUE">Double</attrtype><attwidth Sync="TRUE">19</attwidth><atprecis Sync="TRUE">0</atprecis><attscale Sync="TRUE">0</attscale></attr><attr><attrlabl Sync="TRUE">SUM_UrbanP</attrlabl><attalias Sync="TRUE">SUM_UrbanP</attalias><attrtype Sync="TRUE">Double</attrtype><attwidth Sync="TRUE">19</attwidth><atprecis Sync="TRUE">0</atprecis><attscale Sync="TRUE">0</attscale></attr><attr><attrlabl Sync="TRUE">AREA_KM</attrlabl><attalias Sync="TRUE">AREA_KM</attalias><attrtype Sync="TRUE">Single</attrtype><attwidth Sync="TRUE">13</attwidth><atprecis Sync="TRUE">0</atprecis><attscale Sync="TRUE">0</attscale></attr><attr><attrlabl Sync="TRUE">IPUMSID</attrlabl><attalias Sync="TRUE">IPUMSID</attalias><attrtype Sync="TRUE">Integer</attrtype><attwidth Sync="TRUE">9</attwidth><atprecis Sync="TRUE">9</atprecis><attscale Sync="TRUE">0</attscale></attr><attr><attrlabl Sync="TRUE">TotPop</attrlabl><attalias Sync="TRUE">TotPop</attalias><attrtype Sync="TRUE">Double</attrtype><attwidth Sync="TRUE">19</attwidth><atprecis Sync="TRUE">0</atprecis><attscale Sync="TRUE">0</attscale></attr><attr><attrlabl Sync="TRUE">UrbanPop</attrlabl><attalias Sync="TRUE">UrbanPop</attalias><attrtype Sync="TRUE">Double</attrtype><attwidth Sync="TRUE">19</attwidth><atprecis Sync="TRUE">0</atprecis><attscale Sync="TRUE">0</attscale></attr><attr><attrlabl Sync="TRUE">UrbanProp</attrlabl><attalias Sync="TRUE">UrbanProp</attalias><attrtype Sync="TRUE">Double</attrtype><attwidth Sync="TRUE">19</attwidth><atprecis Sync="TRUE">0</atprecis><attscale Sync="TRUE">0</attscale></attr><attr><attrlabl Sync="TRUE">ORIG_FID</attrlabl><attalias Sync="TRUE">ORIG_FID</attalias><attrtype Sync="TRUE">Integer</attrtype><attwidth Sync="TRUE">9</attwidth><atprecis Sync="TRUE">9</atprecis><attscale Sync="TRUE">0</attscale></attr></detailed></eainfo><mdDateSt Sync="TRUE">20150812</mdDateSt></metadata>
