<?xml version="1.0" encoding="UTF-8"?>
<metadata xml:lang="en"><Esri><CreaDate>20160217</CreaDate><CreaTime>16243900</CreaTime><ArcGISFormat>1.0</ArcGISFormat><SyncOnce>FALSE</SyncOnce><DataProperties><itemProps><itemLocation><linkage Sync="TRUE">file://\\UOS-208508\C$\local\GIS_projects\Migration\CENTROIDS\KEN_centroids</linkage><protocol Sync="TRUE">Local Area Network</protocol></itemLocation><itemName Sync="TRUE">centroids</itemName><imsContentType Sync="TRUE">002</imsContentType><itemSize Sync="TRUE">0.000</itemSize></itemProps><copyHistory><copy source="C:\local\GIS_projects\Migration\Africa\Kenya_2009_AGGREGATED\Scratch\KEN_centroids" dest="\\UOS-208508\C$\local\GIS_projects\Migration\CENTROIDS\KEN_centroids" date="20160217" time="16243900"></copy></copyHistory><lineage><Process ToolSource="c:\program files (x86)\arcgis\desktop10.1\ArcToolbox\Toolboxes\Data Management Tools.tbx\CalculateField" Date="20150427" Time="172636">CalculateField KEN_adm3 IPUMSID 401 VB #</Process><Process ToolSource="c:\program files (x86)\arcgis\desktop10.1\ArcToolbox\Toolboxes\Data Management Tools.tbx\CalculateField" Date="20150427" Time="173135">CalculateField KEN_adm3 IPUMSID 405
 VB #</Process><Process ToolSource="c:\program files (x86)\arcgis\desktop10.1\ArcToolbox\Toolboxes\Data Management Tools.tbx\CalculateField" Date="20150427" Time="174230">CalculateField KEN_adm3 IPUMSID 415
 VB #</Process><Process ToolSource="c:\program files (x86)\arcgis\desktop10.1\ArcToolbox\Toolboxes\Data Management Tools.tbx\CalculateField" Date="20150427" Time="175845">CalculateField KEN_adm3 IPUMSID 425
 VB #</Process><Process ToolSource="c:\program files (x86)\arcgis\desktop10.1\ArcToolbox\Toolboxes\Data Management Tools.tbx\CalculateField" Date="20150427" Time="185633">CalculateField KEN_adm3 IPUMSID 501
 VB #</Process><Process ToolSource="c:\program files (x86)\arcgis\desktop10.1\ArcToolbox\Toolboxes\Data Management Tools.tbx\CalculateField" Date="20150427" Time="190545">CalculateField KEN_adm3 IPUMSID 510
 VB #</Process><Process ToolSource="c:\program files (x86)\arcgis\desktop10.1\ArcToolbox\Toolboxes\Data Management Tools.tbx\CalculateField" Date="20150427" Time="190604">CalculateField KEN_adm3 IPUMSID 505
 VB #</Process><Process ToolSource="c:\program files (x86)\arcgis\desktop10.1\ArcToolbox\Toolboxes\Data Management Tools.tbx\CalculateField" Date="20150427" Time="190734">CalculateField KEN_adm3 IPUMSID 100
 VB #</Process><Process ToolSource="c:\program files (x86)\arcgis\desktop10.1\ArcToolbox\Toolboxes\Data Management Tools.tbx\CalculateField" Date="20150427" Time="191319">CalculateField KEN_adm3 IPUMSID 208
 VB #</Process><Process ToolSource="c:\program files (x86)\arcgis\desktop10.1\ArcToolbox\Toolboxes\Data Management Tools.tbx\CalculateField" Date="20150427" Time="191606">CalculateField KEN_adm3 IPUMSID 205
 VB #</Process><Process ToolSource="c:\program files (x86)\arcgis\desktop10.1\ArcToolbox\Toolboxes\Data Management Tools.tbx\CalculateField" Date="20150427" Time="191703">CalculateField KEN_adm3 IPUMSID 201
 VB #</Process><Process ToolSource="c:\program files (x86)\arcgis\desktop10.1\ArcToolbox\Toolboxes\Data Management Tools.tbx\CalculateField" Date="20150427" Time="191759">CalculateField KEN_adm3 IPUMSID 203
 VB #</Process><Process ToolSource="c:\program files (x86)\arcgis\desktop10.1\ArcToolbox\Toolboxes\Data Management Tools.tbx\CalculateField" Date="20150427" Time="191937">CalculateField KEN_adm3 IPUMSID 206
 VB #</Process><Process ToolSource="c:\program files (x86)\arcgis\desktop10.1\ArcToolbox\Toolboxes\Data Management Tools.tbx\CalculateField" Date="20150427" Time="192458">CalculateField KEN_adm3 IPUMSID 301
 VB #</Process><Process ToolSource="c:\program files (x86)\arcgis\desktop10.1\ArcToolbox\Toolboxes\Data Management Tools.tbx\CalculateField" Date="20150427" Time="192606">CalculateField KEN_adm3 IPUMSID 303
 VB #</Process><Process ToolSource="c:\program files (x86)\arcgis\desktop10.1\ArcToolbox\Toolboxes\Data Management Tools.tbx\CalculateField" Date="20150427" Time="204355">CalculateField KEN_adm3 IPUMSID 309
 VB #</Process><Process ToolSource="c:\program files (x86)\arcgis\desktop10.1\ArcToolbox\Toolboxes\Data Management Tools.tbx\CalculateField" Date="20150427" Time="204431">CalculateField KEN_adm3 IPUMSID 311
 VB #</Process><Process ToolSource="c:\program files (x86)\arcgis\desktop10.1\ArcToolbox\Toolboxes\Data Management Tools.tbx\CalculateField" Date="20150427" Time="204451">CalculateField KEN_adm3 IPUMSID 312
 VB #</Process><Process ToolSource="c:\program files (x86)\arcgis\desktop10.1\ArcToolbox\Toolboxes\Data Management Tools.tbx\CalculateField" Date="20150427" Time="205600">CalculateField KEN_adm3 IPUMSID 801
 VB #</Process><Process ToolSource="c:\program files (x86)\arcgis\desktop10.1\ArcToolbox\Toolboxes\Data Management Tools.tbx\CalculateField" Date="20150427" Time="205754">CalculateField KEN_adm3 IPUMSID 806
 VB #</Process><Process ToolSource="c:\program files (x86)\arcgis\desktop10.1\ArcToolbox\Toolboxes\Data Management Tools.tbx\CalculateField" Date="20150427" Time="210023">CalculateField KEN_adm3 IPUMSID 811
 VB #</Process><Process ToolSource="c:\program files (x86)\arcgis\desktop10.1\ArcToolbox\Toolboxes\Data Management Tools.tbx\CalculateField" Date="20150427" Time="210055">CalculateField KEN_adm3 IPUMSID 816
 VB #</Process><Process ToolSource="c:\program files (x86)\arcgis\desktop10.1\ArcToolbox\Toolboxes\Data Management Tools.tbx\CalculateField" Date="20150427" Time="212554">CalculateField KEN_adm3 IPUMSID 604
 VB #</Process><Process ToolSource="c:\program files (x86)\arcgis\desktop10.1\ArcToolbox\Toolboxes\Data Management Tools.tbx\CalculateField" Date="20150427" Time="213334">CalculateField KEN_adm3 IPUMSID 701
 VB #</Process><Process ToolSource="c:\program files (x86)\arcgis\desktop10.1\ArcToolbox\Toolboxes\Data Management Tools.tbx\CalculateField" Date="20150427" Time="213443">CalculateField KEN_adm3 IPUMSID 704
 VB #</Process><Process ToolSource="c:\program files (x86)\arcgis\desktop10.1\ArcToolbox\Toolboxes\Data Management Tools.tbx\CalculateField" Date="20150427" Time="213555">CalculateField KEN_adm3 IPUMSID 707
 VB #</Process><Process ToolSource="c:\program files (x86)\arcgis\desktop10.1\ArcToolbox\Toolboxes\Data Management Tools.tbx\CalculateField" Date="20150427" Time="213700">CalculateField KEN_adm3 IPUMSID 710 VB #</Process><Process ToolSource="c:\program files (x86)\arcgis\desktop10.1\ArcToolbox\Toolboxes\Data Management Tools.tbx\CalculateField" Date="20150427" Time="213944">CalculateField KEN_adm3 IPUMSID 713 VB #</Process><Process ToolSource="c:\program files (x86)\arcgis\desktop10.1\ArcToolbox\Toolboxes\Data Management Tools.tbx\CalculateField" Date="20150427" Time="214121">CalculateField KEN_adm3 IPUMSID 601 VB #</Process><Process ToolSource="c:\program files (x86)\arcgis\desktop10.1\ArcToolbox\Toolboxes\Data Management Tools.tbx\CalculateField" Date="20150427" Time="214415">CalculateField KEN_adm3 IPUMSID 730 VB #</Process><Process ToolSource="c:\program files (x86)\arcgis\desktop10.1\ArcToolbox\Toolboxes\Data Management Tools.tbx\CalculateField" Date="20150427" Time="214452">CalculateField KEN_adm3 IPUMSID 727 VB #</Process><Process ToolSource="c:\program files (x86)\arcgis\desktop10.1\ArcToolbox\Toolboxes\Data Management Tools.tbx\CalculateField" Date="20150427" Time="214652">CalculateField KEN_adm3 IPUMSID 734 VB #</Process><Process ToolSource="c:\program files (x86)\arcgis\desktop10.1\ArcToolbox\Toolboxes\Data Management Tools.tbx\CalculateField" Date="20150427" Time="215108">CalculateField KEN_adm3 IPUMSID 722 VB #</Process><Process ToolSource="c:\program files (x86)\arcgis\desktop10.1\ArcToolbox\Toolboxes\Data Management Tools.tbx\CalculateField" Date="20150427" Time="215516">CalculateField KEN_adm3 IPUMSID 743 VB #</Process><Process ToolSource="c:\program files (x86)\arcgis\desktop10.1\ArcToolbox\Toolboxes\Data Management Tools.tbx\CalculateField" Date="20150427" Time="215818">CalculateField KEN_adm3 IPUMSID 739 VB #</Process><Process ToolSource="c:\program files (x86)\arcgis\desktop10.1\ArcToolbox\Toolboxes\Data Management Tools.tbx\CalculateField" Date="20150427" Time="223114">CalculateField KEN_adm3 IPUMSID 607 VB #</Process><Process ToolSource="c:\program files (x86)\arcgis\desktop10.1\ArcToolbox\Toolboxes\Data Management Tools.tbx\CalculateField" Date="20150427" Time="223221">CalculateField KEN_adm3 IPUMSID 614 VB #</Process><Process ToolSource="c:\program files (x86)\arcgis\desktop10.1\ArcToolbox\Toolboxes\Data Management Tools.tbx\CalculateField" Date="20150427" Time="224855">CalculateField KEN_adm3 IPUMSID 717 VB #</Process><Process Name="Join &quot;ISO_admin&quot; with ISO_admin_TotPop_UrbanPop_UrbanProp.dbf&quot; based on IPUMSID" ToolSource="c:\program files (x86)\arcgis\desktop10.1\ArcToolbox\Toolboxes\Data Management Tools.tbx\JoinField" Date="20150501" Time="130723">JoinField KEN_adm3_mod IPUMSID C:\local\GIS_projects\Migration\Africa\Kenya_2009\Pop\ISO_TotPop_UrbanPop_UrbanProp.dbf IPUMSID TotPop;UrbanPop;UrbanProp</Process><Process ToolSource="c:\program files (x86)\arcgis\desktop10.1\ArcToolbox\Toolboxes\Data Management Tools.tbx\CalculateField" Date="20150713" Time="144856">CalculateField AFRICA\KEN_adm3_mod_AggKey IPUMSID_AG [ID_1] VB #</Process><Process ToolSource="c:\program files (x86)\arcgis\desktop10.1\ArcToolbox\Toolboxes\Data Management Tools.tbx\CalculateField" Date="20150813" Time="134141">CalculateField KEN_adm3_mod_AggKey IPUMSI_AG [IPUMSI_GG] VB #</Process><Process ToolSource="c:\program files (x86)\arcgis\desktop10.1\ArcToolbox\Toolboxes\Data Management Tools.tbx\CalculateField" Date="20150813" Time="134157">CalculateField KEN_adm3_mod_AggKey IPUMSI_AG [IPUMSI_GG] VB #</Process><Process ToolSource="c:\program files (x86)\arcgis\desktop10.1\ArcToolbox\Toolboxes\Data Management Tools.tbx\CalculateField" Date="20150813" Time="134232">CalculateField KEN_adm3_mod_AggKey IPUMSI_AG [IPUMSI_GG] VB #</Process><Process ToolSource="c:\program files (x86)\arcgis\desktop10.1\ArcToolbox\Toolboxes\Data Management Tools.tbx\CalculateField" Date="20150813" Time="134432">CalculateField KEN_adm3_mod_AggKey IPUMSID_AG [IPUMSI_AG] VB #</Process><Process ToolSource="c:\program files (x86)\arcgis\desktop10.1\ArcToolbox\Toolboxes\Data Management Tools.tbx\Dissolve" Date="20150813" Time="134533">Dissolve KEN_adm3_mod_AggKey C:\local\GIS_projects\Migration\Africa\Kenya_2009_AGGREGATED\Spatial_units\KEN_adm2_AGG.shp IPUMSID_AG "ID_1 FIRST;NAME_1 FIRST;TotPop SUM;UrbanPop SUM" MULTI_PART DISSOLVE_LINES</Process><Process ToolSource="c:\program files (x86)\arcgis\desktop10.1\ArcToolbox\Toolboxes\Data Management Tools.tbx\Project" Date="20150813" Time="154427">Project KEN_adm2_AGG C:\local\GIS_projects\Migration\Africa\Kenya_2009_AGGREGATED\Spatial_units\KEN_adm2_AzimuthalEquidistant.shp PROJCS['KEN_Azimuthal_Equidistant',GEOGCS['GCS_WGS_1984',DATUM['D_WGS_1984',SPHEROID['WGS_1984',6378137.0,298.257223563]],PRIMEM['Greenwich',0.0],UNIT['Degree',0.0174532925199433]],PROJECTION['Azimuthal_Equidistant'],PARAMETER['False_Easting',0.0],PARAMETER['False_Northing',0.0],PARAMETER['Central_Meridian',37.5],PARAMETER['Latitude_Of_Origin',0.0],UNIT['Meter',1.0]] # GEOGCS['GCS_WGS_1984',DATUM['D_WGS_1984',SPHEROID['WGS_1984',6378137.0,298.257223563]],PRIMEM['Greenwich',0.0],UNIT['Degree',0.0174532925199433]]</Process><Process ToolSource="c:\program files (x86)\arcgis\desktop10.1\ArcToolbox\Toolboxes\Data Management Tools.tbx\Project" Date="20150813" Time="161222">Project KEN_adm2_AzimuthalEquidistant C:\local\GIS_projects\Migration\Africa\Kenya_2009_AGGREGATED\Spatial_units\KEN_adm2_AGG_2.shp GEOGCS['GCS_WGS_1984',DATUM['D_WGS_1984',SPHEROID['WGS_1984',6378137.0,298.257223563]],PRIMEM['Greenwich',0.0],UNIT['Degree',0.0174532925199433]] # PROJCS['KEN_Azimuthal_Equidistant',GEOGCS['GCS_WGS_1984',DATUM['D_WGS_1984',SPHEROID['WGS_1984',6378137.0,298.257223563]],PRIMEM['Greenwich',0.0],UNIT['Degree',0.0174532925199433]],PROJECTION['Azimuthal_Equidistant'],PARAMETER['False_Easting',0.0],PARAMETER['False_Northing',0.0],PARAMETER['Central_Meridian',37.5],PARAMETER['Latitude_Of_Origin',0.0],UNIT['Meter',1.0]]</Process><Process ToolSource="c:\program files (x86)\arcgis\desktop10.1\ArcToolbox\Toolboxes\Data Management Tools.tbx\CalculateField" Date="20150813" Time="164321">CalculateField KEN_adm2_AGG IPUMSID [IPUMSID_AG] VB #</Process><Process ToolSource="c:\program files (x86)\arcgis\desktop10.1\ArcToolbox\Toolboxes\Data Management Tools.tbx\CalculateField" Date="20150813" Time="164636">CalculateField KEN_adm2_AGG TotPop [SUM_TotPop] VB #</Process><Process ToolSource="c:\program files (x86)\arcgis\desktop10.1\ArcToolbox\Toolboxes\Data Management Tools.tbx\CalculateField" Date="20150813" Time="164649">CalculateField KEN_adm2_AGG UrbanPop [SUM_UrbanP] VB #</Process><Process ToolSource="c:\program files (x86)\arcgis\desktop10.1\ArcToolbox\Toolboxes\Data Management Tools.tbx\CalculateField" Date="20150813" Time="164700">CalculateField KEN_adm2_AGG UrbanProp "[UrbanPop] / [TotPop]" VB #</Process><Process Name="Join &quot;ISO_admin&quot; with ISO_admin_TotPop_UrbanPop_UrbanProp.dbf&quot; based on IPUMSID" ToolSource="c:\program files (x86)\arcgis\desktop10.1\ArcToolbox\Toolboxes\Data Management Tools.tbx\JoinField" Date="20150813" Time="184025">JoinField "Lower spatial detail than IPUMSI\KEN_adm2_AGG" IPUMSID C:\local\GIS_projects\Migration\Africa\Kenya_2009_AGGREGATED\Pop.gdb\ISO_TotPop_UrbanPop_UrbanProp IPUMSID TotPop;UrbanPop;UrbanProp</Process><Process ToolSource="c:\program files (x86)\arcgis\desktop10.1\ArcToolbox\Toolboxes\Data Management Tools.tbx\FeatureToPoint" Date="20150813" Time="190014">FeatureToPoint C:/local/GIS_projects/Migration/Africa/Kenya_2009_AGGREGATED/Spatial_units/KEN_adm2_AGG.shp C:/local/GIS_projects/Migration/Africa/Kenya_2009_AGGREGATED/Scratch\centroids.shp CENTROID</Process><Process ToolSource="c:\program files (x86)\arcgis\desktop10.1\ArcToolbox\Toolboxes\Data Management Tools.tbx\AddXY" Date="20150813" Time="190014">AddXY C:/local/GIS_projects/Migration/Africa/Kenya_2009_AGGREGATED/Scratch\centroids.shp</Process><Process ToolSource="c:\program files (x86)\arcgis\desktop10.1\ArcToolbox\Toolboxes\Data Management Tools.tbx\JoinField" Date="20150813" Time="190017">JoinField C:/local/GIS_projects/Migration/Africa/Kenya_2009_AGGREGATED/Scratch\centroids.shp ORIG_FID C:/local/GIS_projects/Migration/Africa/Kenya_2009_AGGREGATED/Spatial_units/KEN_adm2_AGG.shp FID TotPop;UrbanProp;AREA_KM</Process><Process Name="Add XY Coordinates" ToolSource="c:\program files (x86)\arcgis\desktop10.1\ArcToolbox\Toolboxes\Data Management Tools.tbx\AddXY" Date="20150813" Time="190018">AddXY C:/local/GIS_projects/Migration/Africa/Kenya_2009_AGGREGATED/Scratch\centroids.shp</Process><Process Name="Add XY Coordinates (2)" ToolSource="c:\program files (x86)\arcgis\desktop10.1\ArcToolbox\Toolboxes\Data Management Tools.tbx\AddXY" Date="20150813" Time="190018">AddXY C:/local/GIS_projects/Migration/Africa/Kenya_2009_AGGREGATED/Scratch\centroids.shp</Process><Process ToolSource="c:\program files (x86)\arcgis\desktop10.1\ArcToolbox\Toolboxes\Data Management Tools.tbx\DeleteField" Date="20160217" Time="181942">DeleteField KEN_centroids IPUMSID_AG;FIRST_ID_1;FIRST_NAME;ORIG_FID;AREA_KM_1;TotPop_1;UrbanPro_1</Process><Process ToolSource="c:\program files (x86)\arcgis\desktop10.1\ArcToolbox\Toolboxes\Data Management Tools.tbx\CalculateField" Date="20160217" Time="182018">CalculateField KEN_centroids ISO KEN VB #</Process><Process ToolSource="c:\program files (x86)\arcgis\desktop10.1\ArcToolbox\Toolboxes\Data Management Tools.tbx\CalculateField" Date="20160217" Time="182030">CalculateField KEN_centroids ISO "KEN" VB #</Process><Process ToolSource="c:\program files (x86)\arcgis\desktop10.1\ArcToolbox\Toolboxes\Data Management Tools.tbx\DeleteField" Date="20160224" Time="162356">DeleteField KEN_AdminUnit_Centroids TotPop;UrbanPop;UrbanProp;AREA_KM</Process></lineage><coordRef><type Sync="TRUE">Geographic</type><geogcsn Sync="TRUE">GCS_WGS_1984</geogcsn><csUnits Sync="TRUE">Angular Unit: Degree (0.017453)</csUnits><peXml Sync="TRUE">&lt;GeographicCoordinateSystem xsi:type='typens:GeographicCoordinateSystem' xmlns:xsi='http://www.w3.org/2001/XMLSchema-instance' xmlns:xs='http://www.w3.org/2001/XMLSchema' xmlns:typens='http://www.esri.com/schemas/ArcGIS/10.1'&gt;&lt;WKT&gt;GEOGCS[&amp;quot;GCS_WGS_1984&amp;quot;,DATUM[&amp;quot;D_WGS_1984&amp;quot;,SPHEROID[&amp;quot;WGS_1984&amp;quot;,6378137.0,298.257223563]],PRIMEM[&amp;quot;Greenwich&amp;quot;,0.0],UNIT[&amp;quot;Degree&amp;quot;,0.0174532925199433],AUTHORITY[&amp;quot;EPSG&amp;quot;,4326]]&lt;/WKT&gt;&lt;XOrigin&gt;-400&lt;/XOrigin&gt;&lt;YOrigin&gt;-400&lt;/YOrigin&gt;&lt;XYScale&gt;11258999068426.238&lt;/XYScale&gt;&lt;ZOrigin&gt;-100000&lt;/ZOrigin&gt;&lt;ZScale&gt;10000&lt;/ZScale&gt;&lt;MOrigin&gt;-100000&lt;/MOrigin&gt;&lt;MScale&gt;10000&lt;/MScale&gt;&lt;XYTolerance&gt;8.983152841195215e-009&lt;/XYTolerance&gt;&lt;ZTolerance&gt;0.001&lt;/ZTolerance&gt;&lt;MTolerance&gt;0.001&lt;/MTolerance&gt;&lt;HighPrecision&gt;true&lt;/HighPrecision&gt;&lt;LeftLongitude&gt;-180&lt;/LeftLongitude&gt;&lt;WKID&gt;4326&lt;/WKID&gt;&lt;LatestWKID&gt;4326&lt;/LatestWKID&gt;&lt;/GeographicCoordinateSystem&gt;</peXml></coordRef></DataProperties><SyncDate>20150813</SyncDate><SyncTime>19001400</SyncTime><ModDate>20150813</ModDate><ModTime>19001400</ModTime></Esri><dataIdInfo><envirDesc Sync="TRUE">Microsoft Windows 7 Version 6.1 (Build 7601) Service Pack 1; Esri ArcGIS 10.1.0.3035</envirDesc><dataLang><languageCode value="eng" Sync="TRUE"></languageCode><countryCode value="GBR" Sync="TRUE"></countryCode></dataLang><idCitation><resTitle Sync="TRUE">centroids</resTitle><presForm><PresFormCd value="005" Sync="TRUE"></PresFormCd></presForm></idCitation><spatRpType><SpatRepTypCd value="001" Sync="TRUE"></SpatRepTypCd></spatRpType></dataIdInfo><mdLang><languageCode value="eng" Sync="TRUE"></languageCode><countryCode value="GBR" Sync="TRUE"></countryCode></mdLang><mdChar><CharSetCd value="004" Sync="TRUE"></CharSetCd></mdChar><distInfo><distFormat><formatName Sync="TRUE">Shapefile</formatName></distFormat><distTranOps><transSize Sync="TRUE">0.000</transSize></distTranOps></distInfo><mdHrLv><ScopeCd value="005" Sync="TRUE"></ScopeCd></mdHrLv><mdHrLvName Sync="TRUE">dataset</mdHrLvName><refSysInfo><RefSystem><refSysID><identCode code="4326" Sync="TRUE" value="4326"></identCode><idCodeSpace Sync="TRUE">EPSG</idCodeSpace><idVersion Sync="TRUE">7.9.4</idVersion></refSysID></RefSystem></refSysInfo><spatRepInfo><VectSpatRep><geometObjs Name="centroids"><geoObjTyp><GeoObjTypCd value="004" Sync="TRUE"></GeoObjTypCd></geoObjTyp><geoObjCnt Sync="TRUE">0</geoObjCnt></geometObjs><topLvl><TopoLevCd value="001" Sync="TRUE"></TopoLevCd></topLvl></VectSpatRep></spatRepInfo><spdoinfo><ptvctinf><esriterm Name="centroids"><efeatyp Sync="TRUE">Simple</efeatyp><efeageom code="1" Sync="TRUE"></efeageom><esritopo Sync="TRUE">FALSE</esritopo><efeacnt Sync="TRUE">0</efeacnt><spindex Sync="TRUE">FALSE</spindex><linrefer Sync="TRUE">FALSE</linrefer></esriterm></ptvctinf></spdoinfo><eainfo><detailed Name="centroids"><enttyp><enttypl Sync="TRUE">centroids</enttypl><enttypt Sync="TRUE">Feature Class</enttypt><enttypc Sync="TRUE">0</enttypc></enttyp><attr><attrlabl Sync="TRUE">FID</attrlabl><attalias Sync="TRUE">FID</attalias><attrtype Sync="TRUE">OID</attrtype><attwidth Sync="TRUE">4</attwidth><atprecis Sync="TRUE">0</atprecis><attscale Sync="TRUE">0</attscale><attrdef Sync="TRUE">Internal feature number.</attrdef><attrdefs Sync="TRUE">Esri</attrdefs><attrdomv><udom Sync="TRUE">Sequential unique whole numbers that are automatically generated.</udom></attrdomv></attr><attr><attrlabl Sync="TRUE">Shape</attrlabl><attalias Sync="TRUE">Shape</attalias><attrtype Sync="TRUE">Geometry</attrtype><attwidth Sync="TRUE">0</attwidth><atprecis Sync="TRUE">0</atprecis><attscale Sync="TRUE">0</attscale><attrdef Sync="TRUE">Feature geometry.</attrdef><attrdefs Sync="TRUE">Esri</attrdefs><attrdomv><udom Sync="TRUE">Coordinates defining the features.</udom></attrdomv></attr><attr><attrlabl Sync="TRUE">IPUMSID_AG</attrlabl><attalias Sync="TRUE">IPUMSID_AG</attalias><attrtype Sync="TRUE">Integer</attrtype><attwidth Sync="TRUE">9</attwidth><atprecis Sync="TRUE">9</atprecis><attscale Sync="TRUE">0</attscale></attr><attr><attrlabl Sync="TRUE">FIRST_ID_1</attrlabl><attalias Sync="TRUE">FIRST_ID_1</attalias><attrtype Sync="TRUE">Integer</attrtype><attwidth Sync="TRUE">9</attwidth><atprecis Sync="TRUE">9</atprecis><attscale Sync="TRUE">0</attscale></attr><attr><attrlabl Sync="TRUE">FIRST_NAME</attrlabl><attalias Sync="TRUE">FIRST_NAME</attalias><attrtype Sync="TRUE">String</attrtype><attwidth Sync="TRUE">75</attwidth><atprecis Sync="TRUE">0</atprecis><attscale Sync="TRUE">0</attscale></attr><attr><attrlabl Sync="TRUE">AREA_KM</attrlabl><attalias Sync="TRUE">AREA_KM</attalias><attrtype Sync="TRUE">Single</attrtype><attwidth Sync="TRUE">13</attwidth><atprecis Sync="TRUE">0</atprecis><attscale Sync="TRUE">0</attscale></attr><attr><attrlabl Sync="TRUE">IPUMSID</attrlabl><attalias Sync="TRUE">IPUMSID</attalias><attrtype Sync="TRUE">Integer</attrtype><attwidth Sync="TRUE">9</attwidth><atprecis Sync="TRUE">9</atprecis><attscale Sync="TRUE">0</attscale></attr><attr><attrlabl Sync="TRUE">TotPop</attrlabl><attalias Sync="TRUE">TotPop</attalias><attrtype Sync="TRUE">Integer</attrtype><attwidth Sync="TRUE">9</attwidth><atprecis Sync="TRUE">9</atprecis><attscale Sync="TRUE">0</attscale></attr><attr><attrlabl Sync="TRUE">UrbanPop</attrlabl><attalias Sync="TRUE">UrbanPop</attalias><attrtype Sync="TRUE">Double</attrtype><attwidth Sync="TRUE">19</attwidth><atprecis Sync="TRUE">0</atprecis><attscale Sync="TRUE">0</attscale></attr><attr><attrlabl Sync="TRUE">UrbanProp</attrlabl><attalias Sync="TRUE">UrbanProp</attalias><attrtype Sync="TRUE">Double</attrtype><attwidth Sync="TRUE">19</attwidth><atprecis Sync="TRUE">0</atprecis><attscale Sync="TRUE">0</attscale></attr><attr><attrlabl Sync="TRUE">ORIG_FID</attrlabl><attalias Sync="TRUE">ORIG_FID</attalias><attrtype Sync="TRUE">Integer</attrtype><attwidth Sync="TRUE">9</attwidth><atprecis Sync="TRUE">9</atprecis><attscale Sync="TRUE">0</attscale></attr></detailed></eainfo><mdDateSt Sync="TRUE">20150813</mdDateSt></metadata>
