{
  "bugs": "https://github.com/datasets/geo-nuts-administrative-boundaries/issues",
  "bytes": 1342828,
  "contributors": [
    {
      "email": "dainiscode@gmail.com",
      "title": "Dainis Gorbunovs"
    }
  ],
  "datahub": {
    "created": "2017-11-08T23:58:22.225272",
    "findability": "published",
    "flowid": "core/geo-nuts-administrative-boundaries/7",
    "modified": "2018-03-15T06:31:08.763554",
    "owner": "core",
    "ownerid": "core"
  },
  "description": "geodata data package providing geojson polygons and shp for administratives European NUTS levels 1, 2 and 3",
  "hash": "e7605506a16547cda7b0ac2112ab206a",
  "homepage": "https://github.com/datasets/geo-nuts-administrative-boundaries",
  "id": "core/geo-nuts-administrative-boundaries",
  "keywords": [
    "geodata",
    "vector",
    "nuts",
    "europe"
  ],
  "licenses": [
    {
      "type": "ODC-PDDL",
      "url": "http://opendatacommons.org/licenses/pddl/1.0/"
    }
  ],
  "maintainers": [
    {
      "email": "thomas_gratier@yahoo.fr",
      "name": "Thomas Gratier"
    }
  ],
  "name": "geo-nuts-administrative-boundaries",
  "repository": {
    "type": "git",
    "url": "git://github.com/datasets/geo-nuts-administrative-boundaries.git"
  },
  "resources": [
    {
      "bytes": 202546,
      "datahub": {
        "type": "original"
      },
      "dpp:streamedFrom": "https://s3.amazonaws.com/rawstore.datahub.io/46cc9a2a3b04f0eecda00aa8c593568e.geojson",
      "encoding": "utf-8",
      "format": "geojson",
      "mediatype": "application/json",
      "name": "nuts_rg_60m_2013_lvl_1",
      "path": "archive/nuts_rg_60m_2013_lvl_1.geojson",
      "profile": "data-resource"
    },
    {
      "bytes": 327135,
      "datahub": {
        "type": "original"
      },
      "dpp:streamedFrom": "https://s3.amazonaws.com/rawstore.datahub.io/71e55b0dd02253652d17da44a64a8785.geojson",
      "encoding": "utf-8",
      "format": "geojson",
      "mediatype": "application/json",
      "name": "nuts_rg_60m_2013_lvl_2",
      "path": "archive/nuts_rg_60m_2013_lvl_2.geojson",
      "profile": "data-resource"
    },
    {
      "bytes": 811184,
      "datahub": {
        "type": "original"
      },
      "dpp:streamedFrom": "https://s3.amazonaws.com/rawstore.datahub.io/3b9e16008b650d7c151f21903d47939a.geojson",
      "encoding": "utf-8",
      "format": "geojson",
      "mediatype": "application/json",
      "name": "nuts_rg_60m_2013_lvl_3",
      "path": "archive/nuts_rg_60m_2013_lvl_3.geojson",
      "profile": "data-resource"
    },
    {
      "bytes": 2,
      "datahub": {
        "type": "derived/report"
      },
      "description": "Validation report for tabular data",
      "dpp:streamedFrom": "/tmp/tmpkqerm__7/core/geo-nuts-administrative-boundaries/validation_report/data/d751713988987e9331980363e24189ce/validation_report.json",
      "encoding": "utf-8",
      "format": "json",
      "hash": "d751713988987e9331980363e24189ce",
      "name": "validation_report",
      "path": "data/validation_report.json",
      "profile": "data-resource"
    },
    {
      "bytes": 1961,
      "dpp:streamedFrom": "/tmp/tmpfrisr78y/README.md",
      "format": "md",
      "name": "readme",
      "path": "README.md"
    }
  ],
  "sources": [
    {
      "name": "GISCO (the Geographical Information System at the COmmission)",
      "path": "http://ec.europa.eu/eurostat/web/gisco/geodata/reference-data",
      "title": "GISCO (the Geographical Information System at the COmmission)"
    }
  ],
  "title": "European NUTS boundaries as GeoJSON at 1:60m",
  "version": "0.3.0"
}