<?xml version="1.0" encoding="UTF-8"?>
<metadata xml:lang="en"><Esri><CreaDate>20160217</CreaDate><CreaTime>16294100</CreaTime><ArcGISFormat>1.0</ArcGISFormat><SyncOnce>FALSE</SyncOnce><DataProperties><lineage><Process Name="Add IPUMSDI Field" ToolSource="c:\program files (x86)\arcgis\desktop10.1\ArcToolbox\Toolboxes\Data Management Tools.tbx\AddField" Date="20150223" Time="125250">AddField ZWE_adm1 IPUMSID LONG # # # # NULLABLE NON_REQUIRED #</Process><Process Name="Calculate IPUMSID Field" ToolSource="c:\program files (x86)\arcgis\desktop10.1\ArcToolbox\Toolboxes\Data Management Tools.tbx\CalculateField" Date="20150223" Time="125250">CalculateField ZWE_adm1 IPUMSID "[FID] +1" VB #</Process><Process Name="Join &quot;ISO_admin&quot; with ISO_admin_TotPop_UrbanPop_UrbanProp.dbf&quot; based on IPUMSID" ToolSource="c:\program files (x86)\arcgis\desktop10.1\ArcToolbox\Toolboxes\Data Management Tools.tbx\JoinField" Date="20150223" Time="125301">JoinField ZWE_adm1 IPUMSID C:\local\GIS_projects\Migration\Africa\Zimbabwe\Pop\ISO_TotPop_UrbanPop_UrbanProp.dbf IPUMSID TotPop;UrbanPop;UrbanProp</Process><Process ToolSource="c:\program files (x86)\arcgis\desktop10.1\ArcToolbox\Toolboxes\Data Management Tools.tbx\Project" Date="20150819" Time="123352">Project ZWE_adm1_UTM35.5S C:\local\GIS_projects\Migration\Africa\Zimbabwe\Spatial_units\ZWE_adm1_2.shp GEOGCS['GCS_WGS_1984',DATUM['D_WGS_1984',SPHEROID['WGS_1984',6378137.0,298.257223563]],PRIMEM['Greenwich',0.0],UNIT['Degree',0.0174532925199433]] # PROJCS['WGS_1984_UTM_Zone_35.5S_BDI_RWA_ZWE',GEOGCS['GCS_WGS_1984',DATUM['D_WGS_1984',SPHEROID['WGS_1984',6378137.0,298.257223563]],PRIMEM['Greenwich',0.0],UNIT['Degree',0.0174532925199433]],PROJECTION['Transverse_Mercator'],PARAMETER['False_Easting',500000.0],PARAMETER['False_Northing',10000000.0],PARAMETER['Central_Meridian',30.0],PARAMETER['Scale_Factor',0.9996],PARAMETER['Latitude_Of_Origin',0.0],UNIT['Meter',1.0]]</Process><Process ToolSource="c:\program files (x86)\arcgis\desktop10.1\ArcToolbox\Toolboxes\Data Management Tools.tbx\FeatureToPoint" Date="20150819" Time="173340">FeatureToPoint C:/local/GIS_projects/Migration/Africa/Zimbabwe/Spatial_units/ZWE_adm1.shp C:/local/GIS_projects/Migration/Africa/Zimbabwe/Scratch\centroids.shp CENTROID</Process><Process ToolSource="c:\program files (x86)\arcgis\desktop10.1\ArcToolbox\Toolboxes\Data Management Tools.tbx\AddXY" Date="20150819" Time="173340">AddXY C:/local/GIS_projects/Migration/Africa/Zimbabwe/Scratch\centroids.shp</Process><Process ToolSource="c:\program files (x86)\arcgis\desktop10.1\ArcToolbox\Toolboxes\Data Management Tools.tbx\JoinField" Date="20150819" Time="173341">JoinField C:/local/GIS_projects/Migration/Africa/Zimbabwe/Scratch\centroids.shp ORIG_FID C:/local/GIS_projects/Migration/Africa/Zimbabwe/Spatial_units/ZWE_adm1.shp FID TotPop;UrbanProp;AREA_KM</Process><Process Name="Add XY Coordinates" ToolSource="c:\program files (x86)\arcgis\desktop10.1\ArcToolbox\Toolboxes\Data Management Tools.tbx\AddXY" Date="20150819" Time="173341">AddXY C:/local/GIS_projects/Migration/Africa/Zimbabwe/Scratch\centroids.shp</Process><Process Name="Add XY Coordinates (2)" ToolSource="c:\program files (x86)\arcgis\desktop10.1\ArcToolbox\Toolboxes\Data Management Tools.tbx\AddXY" Date="20150819" Time="173341">AddXY C:/local/GIS_projects/Migration/Africa/Zimbabwe/Scratch\centroids.shp</Process><Process ToolSource="c:\program files (x86)\arcgis\desktop10.1\ArcToolbox\Toolboxes\Data Management Tools.tbx\DeleteField" Date="20160217" Time="183028">DeleteField ZWE_centroids ID_0;NAME_0;ID_1;NAME_1;NL_NAME_1;VARNAME_1;TYPE_1;ENGTYPE_1;ORIG_FID;TotPop_1;UrbanPro_1;AREA_KM_1</Process><Process ToolSource="c:\program files (x86)\arcgis\desktop10.1\ArcToolbox\Toolboxes\Data Management Tools.tbx\DeleteField" Date="20160224" Time="170409">DeleteField ZWE_AdminUnit_Centroids TotPop;UrbanPop;UrbanProp;AREA_KM</Process></lineage><itemProps><itemName Sync="TRUE">ZWE_AdminUnit_Centroids</itemName><imsContentType Sync="TRUE">002</imsContentType><itemSize Sync="TRUE">0.000</itemSize><itemLocation><linkage Sync="TRUE">file://\\UOS-013243\C$\local\GIS_Projects\Migration\ADMIN UNIT CENTROIDS\AFRICA\ZWE_AdminUnit_Centroids.shp</linkage><protocol Sync="TRUE">Local Area Network</protocol></itemLocation><nativeExtBox><westBL Sync="TRUE">27.401648</westBL><eastBL Sync="TRUE">32.397514</eastBL><southBL Sync="TRUE">-21.007867</southBL><northBL Sync="TRUE">-16.701515</northBL><exTypeCode Sync="TRUE">1</exTypeCode></nativeExtBox></itemProps><coordRef><type Sync="TRUE">Geographic</type><geogcsn Sync="TRUE">GCS_WGS_1984</geogcsn><csUnits Sync="TRUE">Angular Unit: Degree (0.017453)</csUnits><peXml Sync="TRUE">&lt;GeographicCoordinateSystem xsi:type='typens:GeographicCoordinateSystem' xmlns:xsi='http://www.w3.org/2001/XMLSchema-instance' xmlns:xs='http://www.w3.org/2001/XMLSchema' xmlns:typens='http://www.esri.com/schemas/ArcGIS/10.1'&gt;&lt;WKT&gt;GEOGCS[&amp;quot;GCS_WGS_1984&amp;quot;,DATUM[&amp;quot;D_WGS_1984&amp;quot;,SPHEROID[&amp;quot;WGS_1984&amp;quot;,6378137.0,298.257223563]],PRIMEM[&amp;quot;Greenwich&amp;quot;,0.0],UNIT[&amp;quot;Degree&amp;quot;,0.0174532925199433],AUTHORITY[&amp;quot;EPSG&amp;quot;,4326]]&lt;/WKT&gt;&lt;XOrigin&gt;-400&lt;/XOrigin&gt;&lt;YOrigin&gt;-400&lt;/YOrigin&gt;&lt;XYScale&gt;11258999068426.238&lt;/XYScale&gt;&lt;ZOrigin&gt;-100000&lt;/ZOrigin&gt;&lt;ZScale&gt;10000&lt;/ZScale&gt;&lt;MOrigin&gt;-100000&lt;/MOrigin&gt;&lt;MScale&gt;10000&lt;/MScale&gt;&lt;XYTolerance&gt;8.983152841195215e-009&lt;/XYTolerance&gt;&lt;ZTolerance&gt;0.001&lt;/ZTolerance&gt;&lt;MTolerance&gt;0.001&lt;/MTolerance&gt;&lt;HighPrecision&gt;true&lt;/HighPrecision&gt;&lt;LeftLongitude&gt;-180&lt;/LeftLongitude&gt;&lt;WKID&gt;4326&lt;/WKID&gt;&lt;LatestWKID&gt;4326&lt;/LatestWKID&gt;&lt;/GeographicCoordinateSystem&gt;</peXml></coordRef><copyHistory><copy source="C:\local\GIS_projects\Migration\Africa\Zimbabwe\Scratch\ZWE_centroids" dest="\\UOS-208508\C$\local\GIS_projects\Migration\CENTROIDS\ZWE_centroids" date="20160217" time="16294100"></copy></copyHistory></DataProperties><SyncDate>20160224</SyncDate><SyncTime>16000400</SyncTime><ModDate>20160224</ModDate><ModTime>16000400</ModTime></Esri><dataIdInfo><envirDesc Sync="TRUE">Microsoft Windows 7 Version 6.1 (Build 7601) Service Pack 1; Esri ArcGIS 10.1.1.3143</envirDesc><dataLang><languageCode value="eng" Sync="TRUE"></languageCode><countryCode value="GBR" Sync="TRUE"></countryCode></dataLang><idCitation><resTitle Sync="TRUE">ZWE_AdminUnit_Centroids</resTitle><presForm><PresFormCd value="005" Sync="TRUE"></PresFormCd></presForm></idCitation><spatRpType><SpatRepTypCd value="001" Sync="TRUE"></SpatRepTypCd></spatRpType><dataExt><geoEle><GeoBndBox esriExtentType="search"><exTypeCode Sync="TRUE">1</exTypeCode><westBL Sync="TRUE">27.401648</westBL><eastBL Sync="TRUE">32.397514</eastBL><northBL Sync="TRUE">-16.701515</northBL><southBL Sync="TRUE">-21.007867</southBL></GeoBndBox></geoEle></dataExt></dataIdInfo><mdLang><languageCode value="eng" Sync="TRUE"></languageCode><countryCode value="GBR" Sync="TRUE"></countryCode></mdLang><mdChar><CharSetCd value="004" Sync="TRUE"></CharSetCd></mdChar><distInfo><distFormat><formatName Sync="TRUE">Shapefile</formatName></distFormat><distTranOps><transSize Sync="TRUE">0.000</transSize></distTranOps></distInfo><mdHrLv><ScopeCd value="005" Sync="TRUE"></ScopeCd></mdHrLv><mdHrLvName Sync="TRUE">dataset</mdHrLvName><refSysInfo><RefSystem><refSysID><identCode code="4326" Sync="TRUE"></identCode><idCodeSpace Sync="TRUE">EPSG</idCodeSpace><idVersion Sync="TRUE">7.11.2</idVersion></refSysID></RefSystem></refSysInfo><spatRepInfo><VectSpatRep><geometObjs Name="ZWE_AdminUnit_Centroids"><geoObjTyp><GeoObjTypCd value="004" Sync="TRUE"></GeoObjTypCd></geoObjTyp><geoObjCnt Sync="TRUE">10</geoObjCnt></geometObjs><topLvl><TopoLevCd value="001" Sync="TRUE"></TopoLevCd></topLvl></VectSpatRep></spatRepInfo><spdoinfo><ptvctinf><esriterm Name="ZWE_AdminUnit_Centroids"><efeatyp Sync="TRUE">Simple</efeatyp><efeageom code="1" Sync="TRUE"></efeageom><esritopo Sync="TRUE">FALSE</esritopo><efeacnt Sync="TRUE">10</efeacnt><spindex Sync="TRUE">TRUE</spindex><linrefer Sync="TRUE">FALSE</linrefer></esriterm></ptvctinf></spdoinfo><eainfo><detailed Name="ZWE_AdminUnit_Centroids"><enttyp><enttypl Sync="TRUE">ZWE_AdminUnit_Centroids</enttypl><enttypt Sync="TRUE">Feature Class</enttypt><enttypc Sync="TRUE">10</enttypc></enttyp><attr><attrlabl Sync="TRUE">FID</attrlabl><attalias Sync="TRUE">FID</attalias><attrtype Sync="TRUE">OID</attrtype><attwidth Sync="TRUE">4</attwidth><atprecis Sync="TRUE">0</atprecis><attscale Sync="TRUE">0</attscale><attrdef Sync="TRUE">Internal feature number.</attrdef><attrdefs Sync="TRUE">Esri</attrdefs><attrdomv><udom Sync="TRUE">Sequential unique whole numbers that are automatically generated.</udom></attrdomv></attr><attr><attrlabl Sync="TRUE">Shape</attrlabl><attalias Sync="TRUE">Shape</attalias><attrtype Sync="TRUE">Geometry</attrtype><attwidth Sync="TRUE">0</attwidth><atprecis Sync="TRUE">0</atprecis><attscale Sync="TRUE">0</attscale><attrdef Sync="TRUE">Feature geometry.</attrdef><attrdefs Sync="TRUE">Esri</attrdefs><attrdomv><udom Sync="TRUE">Coordinates defining the features.</udom></attrdomv></attr><attr><attrlabl Sync="TRUE">ISO</attrlabl><attalias Sync="TRUE">ISO</attalias><attrtype Sync="TRUE">String</attrtype><attwidth Sync="TRUE">3</attwidth><atprecis Sync="TRUE">0</atprecis><attscale Sync="TRUE">0</attscale></attr><attr><attrlabl Sync="TRUE">IPUMSID</attrlabl><attalias Sync="TRUE">IPUMSID</attalias><attrtype Sync="TRUE">Integer</attrtype><attwidth Sync="TRUE">9</attwidth><atprecis Sync="TRUE">9</atprecis><attscale Sync="TRUE">0</attscale></attr><attr><attrlabl Sync="TRUE">TotPop</attrlabl><attalias Sync="TRUE">TotPop</attalias><attrtype Sync="TRUE">Integer</attrtype><attwidth Sync="TRUE">9</attwidth><atprecis Sync="TRUE">9</atprecis><attscale Sync="TRUE">0</attscale></attr><attr><attrlabl Sync="TRUE">UrbanPop</attrlabl><attalias Sync="TRUE">UrbanPop</attalias><attrtype Sync="TRUE">Double</attrtype><attwidth Sync="TRUE">19</attwidth><atprecis Sync="TRUE">0</atprecis><attscale Sync="TRUE">0</attscale></attr><attr><attrlabl Sync="TRUE">UrbanProp</attrlabl><attalias Sync="TRUE">UrbanProp</attalias><attrtype Sync="TRUE">Double</attrtype><attwidth Sync="TRUE">19</attwidth><atprecis Sync="TRUE">0</atprecis><attscale Sync="TRUE">0</attscale></attr><attr><attrlabl Sync="TRUE">AREA_KM</attrlabl><attalias Sync="TRUE">AREA_KM</attalias><attrtype Sync="TRUE">Single</attrtype><attwidth Sync="TRUE">13</attwidth><atprecis Sync="TRUE">0</atprecis><attscale Sync="TRUE">0</attscale></attr><attr><attrlabl Sync="TRUE">POINT_X</attrlabl><attalias Sync="TRUE">POINT_X</attalias><attrtype Sync="TRUE">Double</attrtype><attwidth Sync="TRUE">19</attwidth><atprecis Sync="TRUE">0</atprecis><attscale Sync="TRUE">0</attscale></attr><attr><attrlabl Sync="TRUE">POINT_Y</attrlabl><attalias Sync="TRUE">POINT_Y</attalias><attrtype Sync="TRUE">Double</attrtype><attwidth Sync="TRUE">19</attwidth><atprecis Sync="TRUE">0</atprecis><attscale Sync="TRUE">0</attscale></attr></detailed></eainfo><mdDateSt Sync="TRUE">20160224</mdDateSt></metadata>
